platform,search_term,name,price
Lazada,mobile phone,"[Pre-order] Samsung Galaxy A16 LTE 4/128 ‡∏™‡∏°‡∏≤‡∏£‡πå‡∏ó‡πÇ‡∏ü‡∏ô ‡∏ã‡∏±‡∏°‡∏ã‡∏∏‡∏á ‡∏°‡∏∑‡∏≠‡∏ñ‡∏∑‡∏≠‡πÅ‡∏≠‡∏ô‡∏î‡∏£‡∏≠‡∏¢ ‡∏´‡∏ô‡πâ‡∏≤‡∏à‡∏≠ 6.7"" ‡∏£‡∏±‡∏ö‡∏õ‡∏£‡∏∞‡∏Å‡∏±‡∏ô‡∏®‡∏π‡∏ô‡∏¢‡πå 1 ‡∏õ‡∏µ","‡∏ø3,999.00"
Lazada,mobile phone,„Äê‡∏£‡∏±‡∏ö‡∏õ‡∏£‡∏∞‡∏Å‡∏±‡∏ô 1 ‡∏õ‡∏µ„Äë‡∏Ç‡∏≠‡∏á‡πÅ‡∏ó‡πâ100% Hau Wei Pura 70 Ultra 5G 7.5‡∏ô‡∏¥‡πâ‡∏ß ‡πÇ‡∏ó‡∏£‡∏®‡∏±‡∏û‡∏ó‡πå‡∏°‡∏∑‡∏≠‡∏ñ‡∏∑‡∏≠ 16GB+1TB Smartphone 36+72MP NFC ‡πÇ‡∏ó‡∏£‡∏®‡∏±‡∏û‡∏ó‡πå‡∏™‡∏°‡∏≤ 7800mAh ‡πÇ‡∏ó‡∏£‡∏®‡∏±‡∏û‡∏ó‡πå AI Mobile phone Facebook Android13 ‡∏£‡∏≠‡∏á‡∏£‡∏±‡∏ö2‡∏ã‡∏¥‡∏° ‡∏à‡∏±‡∏î‡∏™‡πà‡∏á‡∏ü‡∏£‡∏µ ‡πÄ‡∏°‡∏ô‡∏π‡∏†‡∏≤‡∏©‡∏≤‡πÑ‡∏ó‡∏¢ ‡∏£‡∏±‡∏ö‡∏õ‡∏£‡∏∞‡∏Å‡∏±‡∏ô1 ‡∏õ‡∏µ ‡πÇ‡∏ó‡∏£‡∏®‡∏±‡∏û‡∏ó‡πå‡∏ñ‡∏π‡∏Å‡πÜ ‡∏ó‡∏£‡∏®‡∏±‡∏û‡∏ó‡πå‡πÄ‡∏•‡πà‡∏ô‡πÄ‡∏Å‡∏° MATE60 5G,"‡∏ø1,488.00"
Lazada,mobile phone,[‡∏ã‡∏∑‡πâ‡∏≠ 1 ‡πÅ‡∏ñ‡∏° 1]100%‡∏Ç‡∏≠‡∏á‡πÅ‡∏ó‡πâ Sansumg S22 ULTRA 5G 7.5‡∏ô‡∏¥‡πâ‡∏ß ‡πÇ‡∏ó‡∏£‡∏®‡∏±‡∏û‡∏ó‡πå‡∏°‡∏∑‡∏≠‡∏ñ‡∏∑‡∏≠ ‡∏£‡∏≠‡∏á‡∏£‡∏±‡∏ö2‡∏ã‡∏¥‡∏° Smartphone 4G/5G ‡πÇ‡∏ó‡∏£‡∏®‡∏±‡∏û‡∏ó‡πå‡∏™‡∏°‡∏≤ ‡πÅ‡∏£‡∏°16GB ‡∏£‡∏≠‡∏°512GB ‡πÇ‡∏ó‡∏£‡∏®‡∏±‡∏û‡∏ó‡πå‡∏ñ‡∏π‡∏Å‡πÜ Android13.0 ‡∏™‡πà‡∏á‡∏ü‡∏£‡∏µ ‡∏°‡∏∑‡∏≠‡∏ñ‡∏∑‡∏≠‡∏£‡∏≤‡∏Ñ‡∏≤‡∏ñ‡∏π‡∏Å‡πÜ ‡πÇ‡∏ó‡∏£‡∏®‡∏±‡∏û‡∏ó‡πå‡∏°‡∏∑‡∏≠‡∏ñ‡∏∑‡∏≠ S23 Ultra ‡∏£‡∏±‡∏ö‡πÄ‡∏•‡πà‡∏ô‡πÄ‡∏Å‡∏° ‡πÇ‡∏ó‡∏£‡∏™‡∏±‡∏ö‡∏£‡∏≤‡∏Ñ‡∏≤‡∏ñ‡∏π‡∏Å ‡∏°‡∏∑‡∏≠‡∏ñ‡∏∑‡∏≠ Mobilephone S24 Ultra 5G,"‡∏ø1,588.00"
Lazada,mobile phone,„Äê‡∏£‡∏±‡∏ö‡∏õ‡∏£‡∏∞‡∏Å‡∏±‡∏ô1‡∏õ‡∏µ„Äë‡∏Ç‡∏≠‡∏á‡πÅ‡∏ó‡πâ100% VIV0 V40 5G 7.5‡∏ô‡∏¥‡πâ‡∏ß ‡πÇ‡∏ó‡∏£‡∏®‡∏±‡∏û‡∏ó‡πå‡∏°‡∏∑‡∏≠‡∏ñ‡∏∑‡∏≠ ‡πÄ‡∏ï‡πá‡∏°‡∏à‡∏≠‡∏£‡∏≠‡∏á‡∏£‡∏±‡∏ö2‡∏ã‡∏¥‡∏° Smartphone ‡πÅ‡∏£‡∏°16GB ‡∏£‡∏≠‡∏°1TB 4G/5G ‡πÇ‡∏ó‡∏£‡∏®‡∏±‡∏û‡∏ó‡πå‡∏™‡∏°‡∏≤ ‡πÄ‡∏ï‡πá‡∏°‡∏à‡∏≠ Android13.0 ‡πÇ‡∏ó‡∏£‡∏®‡∏±‡∏û‡∏ó‡πå‡∏ñ‡∏π‡∏Å‡πÜ 32MP+64MP ‡∏°‡∏∑‡∏≠‡∏ñ‡∏∑‡∏≠ Mobile phone ‡∏™‡πà‡∏á‡∏ü‡∏£‡∏µ ‡∏°‡∏∑‡∏≠‡∏ñ‡∏∑‡∏≠‡∏£‡∏≤‡∏Ñ‡∏≤‡∏ñ‡∏π‡∏Å‡πÜ ‡πÇ‡∏ó‡∏£‡∏®‡∏±‡∏û‡∏ó‡πå‡∏™‡∏≥‡∏´ ‡∏£‡∏±‡∏ö‡πÄ‡∏•‡πà‡∏ô‡πÄ‡∏Å‡∏° V30 Y100 5G‡πÇ‡∏ó‡∏£‡∏®‡∏±‡∏û‡∏ó‡πå ‡∏ñ‡∏π‡∏Å‡πÜ,"‡∏ø1,588.00"
Lazada,mobile phone,„Äê‡πÉ‡∏´‡∏°‡πà‡πÄ‡∏≠‡∏µ‡πà‡∏¢‡∏° 100% „Äë‡πÇ‡∏ó‡∏£‡∏®‡∏±‡∏û‡∏ó‡πå‡∏°‡∏∑‡∏≠‡∏ñ‡∏∑‡∏≠ HAUWEI P50 ‡∏´‡∏ô‡πâ‡∏≤‡∏à‡∏≠7.5‡∏ô‡∏¥‡πâ‡∏ß Smartphone 4G/5G 16GB+512GB 24+58MP ‡πÇ‡∏ó‡∏£‡∏®‡∏±‡∏û‡∏ó‡πå‡∏ö‡∏≤‡∏á‡πÜ ‡∏£‡∏≤‡∏Ñ‡∏≤‡∏ñ‡∏π‡∏Å ‡πÉ‡∏ä‡πâ‡∏á‡∏≤‡∏ô‡πÑ‡∏î‡πâ‡πÄ‡∏£‡πá‡∏ß ‡πÄ‡∏£‡∏µ‡∏¢‡∏ô‡∏£‡∏π‡πâ ‡∏≠‡∏¥‡∏ô‡πÄ‡∏ó‡∏≠‡∏£‡πå‡πÄ‡∏ô‡πá‡∏ï ‡πÄ‡∏•‡πà‡∏ô‡πÄ‡∏Å‡∏° ‡∏ü‡∏±‡∏á‡πÄ‡∏û‡∏•‡∏á ‡πÇ‡∏ó‡∏£‡∏®‡∏±‡∏û‡∏ó‡πå‡∏°‡∏∑‡∏≠‡∏ñ‡∏∑‡∏≠ ‡πÅ‡∏ö‡∏ï‡πÄ‡∏ï‡∏≠‡∏£‡∏µ‡πà 8000mAh ‡∏Å‡∏•‡πâ‡∏≠‡∏á HD ‡∏õ‡∏•‡∏î‡∏•‡πá‡∏≠‡∏Ñ‡∏î‡πâ‡∏ß‡∏¢‡πÉ‡∏ö‡∏´‡∏ô‡πâ‡∏≤ ‡∏£‡∏∞‡∏ö‡∏ö‡∏ô‡∏≥‡∏ó‡∏≤‡∏á GPS ‡πÉ‡∏™‡πà‡πÑ‡∏î‡πâ‡∏™‡∏≠‡∏á‡∏ã‡∏¥‡∏°,"‡∏ø1,488.00"
Lazada,mobile phone,„Äê‡∏£‡∏±‡∏ö‡∏õ‡∏£‡∏∞‡∏Å‡∏±‡∏ô1‡∏õ‡∏µ„Äë‡∏Ç‡∏≠‡∏á‡πÅ‡∏ó‡πâ100% Sansumg S25 Ultra ‡∏™‡∏°‡∏≤‡∏£‡πå‡∏ó‡πÇ‡∏ü‡∏ô 7.5‡∏ô‡∏¥‡πâ‡∏ß 5G ‡πÄ‡∏ï‡πá‡∏°‡∏à‡∏≠ 16GB+1TB ‡∏£‡∏≠‡∏á‡∏£‡∏±‡∏ö2‡∏ã‡∏¥‡∏° Smartphone Android13.0 ‡∏°‡∏∑‡∏≠‡∏ñ‡∏∑‡∏≠‡∏£‡∏≤‡∏Ñ‡∏≤‡∏ñ‡∏π‡∏Å Mobile ‡πÇ‡∏ó‡∏£‡∏®‡∏±‡∏û‡∏ó‡πå‡∏°‡∏∑‡∏≠‡∏ñ‡∏∑‡∏≠ ‡πÇ‡∏ó‡∏£‡∏®‡∏±‡∏û‡∏ó‡πå‡πÄ‡∏•‡πà‡∏ô‡πÄ‡∏Å‡∏°‡∏•‡∏∑‡πà‡∏ô ‡∏°‡∏∑‡∏≠‡∏ñ‡∏∑‡∏≠‡∏£‡∏≤‡∏Ñ‡∏≤‡∏ñ‡∏π‡∏Å ‡∏™‡πà‡∏á‡∏ü‡∏£‡∏µ S23 Ultra S24 Ultra ‡∏°‡∏∑‡∏≠‡∏ñ‡∏∑‡∏≠,"‡∏ø1,688.00"
Lazada,mobile phone,‡πÇ‡∏ó‡∏£‡∏®‡∏±‡∏û‡∏ó‡πå‡∏°‡∏∑‡∏≠‡∏ñ‡∏∑‡∏≠ SANSUNG Galaxy A54 5G 7.5‡∏ô‡∏¥‡πâ‡∏ß ‡πÇ‡∏ó‡∏£‡∏®‡∏±‡∏û‡∏ó‡πå‡πÅ‡∏ö‡∏ö‡πÄ‡∏ï‡πá‡∏°‡∏´‡∏ô‡πâ‡∏≤‡∏à‡∏≠ 16GB RAM + 512GB ‡∏£‡∏≠‡∏°‡πÇ‡∏ó‡∏£‡∏®‡∏±‡∏û‡∏ó‡πå‡∏£‡∏≤‡∏Ñ‡∏≤‡∏ñ‡∏π‡∏Å‡πÄ‡∏°‡∏ô‡∏π‡πÑ‡∏ó‡∏¢ 6800mAh A54 Ultra 5G ‡πÅ‡∏ñ‡∏°‡∏ü‡∏£‡∏µ‡∏≠‡∏∏‡∏õ‡∏Å‡∏£‡∏ì‡πå‡∏Ñ‡∏£‡∏ö‡∏ä‡∏∏‡∏î,‡∏ø918.00
Lazada,mobile phone,‡πÇ‡∏ó‡∏£‡∏®‡∏±‡∏û‡∏ó‡πå‡∏°‡∏∑‡∏≠‡∏ñ‡∏∑‡∏≠ Infinx HOT40 ‡∏™‡∏°‡∏≤‡∏£‡πå‡∏ó‡πÇ‡∏ü‡∏ô 5G ‡πÄ‡∏Ñ‡∏£‡∏∑‡πà‡∏≠‡∏á‡πÉ‡∏´‡∏°‡πà 7.5‡∏ô‡∏¥‡πâ‡∏ß HD+‡∏£‡∏≠‡∏á‡∏£‡∏±‡∏ö2‡∏ã‡∏¥‡∏° Smartphone 4G/5G 16GB+‡∏£‡∏≠‡∏°1TB ‡πÇ‡∏ó‡∏£‡∏®‡∏±‡∏û‡∏ó‡πå‡∏ñ‡∏π‡∏Å‡πÜ Android13.0 ‡πÇ‡∏ó‡∏£‡∏®‡∏±‡∏û‡∏ó‡πå‡∏™‡∏≥‡∏´‡∏£‡∏±‡∏ö‡πÄ‡∏•‡πà‡∏ô‡πÄ‡∏Å‡∏°,"‡∏ø1,088.00"
Lazada,mobile phone,‡πÇ‡∏ó‡∏£‡∏®‡∏±‡∏û‡∏ó‡πå‡∏°‡∏∑‡∏≠‡∏ñ‡∏∑‡∏≠ 0PPO A97 5G 7.5HD+‡∏£‡∏≠‡∏á‡∏£‡∏±‡∏ö2‡∏ã‡∏¥‡∏° 16GB+512GB 48MP+72MP 7800mAh ‡πÇ‡∏ó‡∏£‡∏®‡∏±‡∏û‡∏ó‡πå Smartphone Android 13.0 Mobile phone ‡πÇ‡∏ó‡∏£‡∏®‡∏±‡∏û‡∏ó‡πå‡∏ñ‡∏π‡∏Å‡πÜ ‡∏£‡∏≠‡∏á‡∏£‡∏±‡∏ö‡∏ó‡∏∏‡∏Å‡∏ã‡∏¥‡∏°‡∏Å‡∏≤‡∏£‡πå‡∏î‡πÉ‡∏ô‡πÑ‡∏ó‡∏¢ ‡πÇ‡∏ó‡∏£‡∏®‡∏±‡∏û‡∏ó‡πå‡∏°‡∏∑‡∏≠‡∏ñ,‡∏ø949.00
Lazada,mobile phone,‡πÇ‡∏ó‡∏£‡∏®‡∏±‡∏û‡∏ó‡πå ‡∏Ç‡∏≠‡∏á‡πÅ‡∏ó‡πâ Samsung A35 5G ‡πÇ‡∏ó‡∏£‡∏®‡∏±‡∏û‡∏ó‡πå‡∏°‡∏∑‡∏≠‡∏ñ‡∏∑‡∏≠ ‡∏£‡∏≠‡∏á‡∏£‡∏±‡∏ö2‡∏ã‡∏¥‡∏° Smartphone 4G/5G ‡πÇ‡∏ó‡∏£‡∏®‡∏±‡∏û‡∏ó‡πå‡∏™‡∏°‡∏≤ ‡πÅ‡∏£‡∏°4GB ‡∏£‡∏≠‡∏°64GB ‡πÇ‡∏ó‡∏£‡∏®‡∏±‡∏û‡∏ó‡πå‡∏ñ‡∏π‡∏Å‡πÜ ‡∏°‡∏∑‡∏≠‡∏ñ‡∏∑‡∏≠ Mobile phone ‡πÇ‡∏ó‡∏£‡∏®‡∏±‡∏û‡∏ó‡πå‡∏ñ‡∏π‡∏Å‡πÜ ‡∏°‡∏∑‡∏≠‡∏ñ‡∏∑‡∏≠‡∏£‡∏≤‡∏Ñ‡∏≤‡∏ñ‡∏π‡∏Å‡πÜ ‡πÇ‡∏ó‡∏£‡∏®‡∏±‡∏û‡∏ó‡πå‡∏™‡∏≥‡∏´ ‡∏£‡∏±‡∏ö‡πÄ‡∏•‡πà‡∏ô‡πÄ‡∏Å‡∏° ‡πÇ‡∏ó‡∏£‡∏™‡∏±‡∏ö‡∏£‡∏≤‡∏Ñ‡∏≤‡∏ñ‡∏π‡∏Å ‡∏°‡∏∑‡∏≠‡∏ñ‡∏∑‡∏≠ ‡πÇ‡∏ó‡∏£‡∏®‡∏±‡∏û‡∏ó‡πå‡∏™‡∏≥‡∏´ ‡∏™‡πà‡∏á‡∏ü‡∏£‡∏µ ‡πÇ‡∏ó‡∏£‡∏®‡∏±‡∏û‡∏ó‡πå‡∏£‡∏≤‡∏Ñ‡∏ñ‡∏π‡∏Å,‡∏ø799.00
Lazada,mobile phone,„ÄêCOD„Äë100% ‡∏Ç‡∏≠‡∏á‡πÅ‡∏ó‡πâ OPPQ A58 ‡∏™‡∏°‡∏≤‡∏£‡πå‡∏ó‡πÇ‡∏ü‡∏ô 7.5‡∏ô‡∏¥‡πâ‡∏ß 5G ‡πÄ‡∏ï‡πá‡∏°‡∏à‡∏≠ 16GB+512GB ‡∏£‡∏≠‡∏á‡∏£‡∏±‡∏ö2‡∏ã‡∏¥‡∏° Smartphone ‡∏°‡∏∑‡∏≠‡∏ñ‡∏∑‡∏≠‡∏£‡∏≤‡∏Ñ‡∏≤‡∏ñ‡∏π‡∏Å Mobile ‡πÇ‡∏ó‡∏£‡∏®‡∏±‡∏û‡∏ó‡πå‡∏°‡∏∑‡∏≠‡∏ñ‡∏∑‡∏≠ ‡πÇ‡∏ó‡∏£‡∏®‡∏±‡∏û‡∏ó‡πå‡πÄ‡∏•‡πà‡∏ô‡πÄ‡∏Å‡∏°‡∏•‡∏∑‡πà‡∏ô Android12.0 ‡∏°‡∏∑‡∏≠‡∏ñ‡∏∑‡∏≠‡∏£‡∏≤‡∏Ñ‡∏≤‡∏ñ‡∏π‡∏Å ‡∏Å‡∏≤‡∏£‡∏Å‡∏ß‡∏≤‡∏î‡∏•‡πâ‡∏≤‡∏á ‡πÇ‡∏ó‡∏£‡∏®‡∏±‡∏û‡∏ó‡πå‡πÄ‡∏•‡πà‡∏ô‡πÄ‡∏Å‡∏°‡∏£‡∏≤‡∏Ñ‡∏≤‡∏ñ‡∏π‡∏Å,‡∏ø859.00
Lazada,mobile phone,‡πÇ‡∏ó‡∏£‡∏®‡∏±‡∏û‡∏ó‡πå‡∏°‡∏∑‡∏≠‡∏ñ‡∏∑‡∏≠ reaime C55 ‡πÄ‡∏Ñ‡∏£‡∏∑‡πà‡∏≠‡∏á‡πÉ‡∏´‡∏°‡πà 6.7‡∏ô‡∏¥‡πâ‡∏ß HD 5G Dual Sim smartphone 16+512GB ‡πÇ‡∏ó‡∏£‡∏®‡∏±‡∏û‡∏ó‡πå‡∏°‡∏∑‡∏≠‡∏ñ‡∏∑‡∏≠‡∏£‡∏≤‡∏Ñ‡∏≤‡∏ñ‡∏π‡∏Å 6800mAh ‡πÇ‡∏ó‡∏£‡∏®‡∏±‡∏û‡∏ó‡πå ‡∏£‡∏≠‡∏á‡∏£‡∏±‡∏ö‡∏†‡∏≤‡∏©‡∏≤‡πÑ‡∏ó‡∏¢ ‡∏£‡∏∞‡∏ö‡∏ö‡∏ô‡∏≥‡∏ó‡∏≤‡∏á ‡∏°‡∏∑‡∏≠‡∏ñ‡∏∑‡∏≠‡πÅ‡∏£‡∏á‡πÜ ‡πÄ‡∏´‡∏°‡∏≤‡∏∞‡∏™‡∏≥‡∏´‡∏£‡∏±‡∏ö Facebook,‡∏ø979.00
Lazada,mobile phone,‡∏™‡∏°‡∏≤‡∏£‡πå‡∏ó‡πÇ‡∏ü‡∏ô Reno10 Pro plus ‡πÄ‡∏Ñ‡∏£‡∏∑‡πà‡∏≠‡∏á‡πÉ‡∏´‡∏°‡πà 5G ‡πÇ‡∏ó‡∏£‡∏®‡∏±‡∏û‡∏ó‡πå‡∏°‡∏∑‡∏≠‡∏ñ‡∏∑‡∏≠ 7.5‡∏ô‡∏¥‡πâ‡∏ß HD+‡∏£‡∏≠‡∏á‡∏£‡∏±‡∏ö2‡∏ã‡∏¥‡∏° Smartphone 4G/5G ‡πÇ‡∏ó‡∏£‡∏®‡∏±‡∏û‡∏ó‡πå‡∏™‡∏°‡∏≤‡πÅ‡∏£‡∏°16GB ‡∏£‡∏≠‡∏°512GB Android13.0 ‡∏°‡∏∑‡∏≠‡∏ñ‡∏∑‡∏≠ Mobilephone,‡∏ø979.00
Lazada,mobile phone,‡πÇ‡∏ó‡∏£‡∏®‡∏±‡∏û‡∏ó‡πå‡∏°‡∏∑‡∏≠‡∏ñ‡∏∑‡∏≠ Reaime Note 50 5G 7.5 HD+‡∏£‡∏≠‡∏á‡∏£‡∏±‡∏ö2‡∏ã‡∏¥‡∏° Smartphone ‡πÅ‡∏£‡∏°16GB ‡∏£‡∏≠‡∏°1TB 7800mAh 48MP+72MP Android13.0 ‡πÇ‡∏ó‡∏£‡∏®‡∏±‡∏û‡∏ó‡πå‡πÄ‡∏•‡πà‡∏ô‡πÄ‡∏Å‡∏° ‡πÄ‡∏°‡∏ô‡∏π‡∏†‡∏≤‡∏©‡∏≤‡πÑ‡∏ó ‡∏°‡∏∑‡∏≠‡∏ñ‡∏∑‡∏≠,‡∏ø979.00
Lazada,mobile phone,‡πÇ‡∏ó‡∏£‡∏®‡∏±‡∏û‡∏ó‡πå‡∏°‡∏∑‡∏≠‡∏ñ‡∏∑‡∏≠ ViVO V40 ‡∏™‡∏°‡∏≤‡∏£‡πå‡∏ó‡πÇ‡∏ü‡∏ô 5G ‡πÄ‡∏Ñ‡∏£‡∏∑‡πà‡∏≠‡∏á‡πÉ‡∏´‡∏°‡πà 7.5‡∏ô‡∏¥‡πâ‡∏ß HD+‡∏£‡∏≠‡∏á‡∏£‡∏±‡∏ö2‡∏ã‡∏¥‡∏° Smartphone 4G/5G 16GB+‡∏£‡∏≠‡∏°1TB ‡πÇ‡∏ó‡∏£‡∏®‡∏±‡∏û‡∏ó‡πå‡∏ñ‡∏π‡∏Å‡πÜ Android13.0 ‡πÇ‡∏ó‡∏£‡∏®‡∏±‡∏û‡∏ó‡πå‡∏™‡∏≥‡∏´‡∏£‡∏±‡∏ö‡πÄ‡∏•‡πà‡∏ô‡πÄ‡∏Å‡∏°,‡∏ø859.00
Lazada,mobile phone,‡πÇ‡∏ó‡∏£‡∏®‡∏±‡∏û‡∏ó‡πå‡∏°‡∏∑‡∏≠‡∏ñ‡∏∑‡∏≠‡∏õ‡∏∏‡πà‡∏°‡∏Å‡∏î ‡∏°‡∏∑‡∏≠‡∏ñ‡∏∑‡∏≠ 206 ‡∏°‡∏∑‡∏≠‡∏ñ‡∏∑‡∏≠‡∏õ‡∏∏‡πà‡∏°‡∏Å‡∏î AIS DTAC TRUE ‡∏ã‡∏¥‡∏°‡∏Å‡∏≤‡∏£‡πå‡∏î 4G ‡πÄ‡∏´‡∏°‡∏≤‡∏∞‡∏™‡∏≥‡∏´‡∏£‡∏±‡∏ö‡∏Ñ‡∏ô‡∏ß‡∏±‡∏¢‡∏Å‡∏•‡∏≤‡∏á‡∏Ñ‡∏ô‡πÅ‡∏•‡∏∞‡∏ú‡∏π‡πâ‡∏™‡∏π‡∏á‡∏≠‡∏≤‡∏¢‡∏∏ ‡πÄ‡∏™‡∏µ‡∏¢‡∏á‡∏î‡∏±‡∏á ‡πÉ‡∏ä‡πâ‡∏á‡∏≤‡∏ô‡∏î‡∏µ,‡∏ø388.00
Lazada,mobile phone,‡πÇ‡∏ó‡∏£‡∏®‡∏±‡∏û‡∏ó‡πå‡∏°‡∏∑‡∏≠‡∏ñ‡∏∑‡∏≠ Sansumg A55 ‡πÄ‡∏Ñ‡∏£‡∏∑‡πà‡∏≠‡∏á‡πÉ‡∏´‡∏°‡πà ‡∏™‡∏°‡∏≤‡∏£‡πå‡∏ó‡πÇ‡∏ü‡∏ô 5G (Ram16G + Rom512G) 7.5‡∏ô‡∏¥‡πâ‡∏ß Smartphone Android12.0 ‡∏£‡∏≠‡∏á‡∏£‡∏±‡∏ö2‡∏ã‡∏¥‡∏° ‡∏°‡∏µ‡πÄ‡∏°‡∏ô‡∏π‡∏†‡∏≤‡∏©‡∏≤‡πÑ‡∏ó‡∏¢ ‡∏£‡∏≠‡∏á‡∏£‡∏±‡∏ö‡πÅ‡∏≠‡∏õ‡∏ò‡∏ô‡∏≤‡∏Ñ‡∏≤‡∏£ ‡∏°‡∏∑‡∏≠‡∏ñ‡∏∑‡∏≠‡∏£‡∏≤‡∏Ñ‡∏≤‡∏ñ‡∏π‡∏Å‡πÜ ‡πÇ‡∏ó‡∏£‡∏®‡∏±‡∏û‡∏ó‡πå‡∏ñ‡∏π‡∏Å‡πÜ‡∏î‡∏µ,‡∏ø899.00
Lazada,mobile phone,‡πÇ‡∏ó‡∏£‡∏®‡∏±‡∏û‡∏ó‡πå‡∏£‡∏≤‡∏Ñ‡∏ñ‡∏π‡∏Å OPPQ A57 6.7 ‡∏ô‡∏¥‡πâ‡∏ß ‡πÇ‡∏ó‡∏£‡∏®‡∏±‡∏û‡∏ó‡πå‡∏ñ‡∏π‡∏Å‡πÜ 5G ‡πÇ‡∏ó‡∏£‡∏®‡∏±‡∏û‡∏ó‡πå‡∏°‡∏∑‡∏≠‡∏ñ‡∏∑‡∏≠ 16GB +512GB ‡∏´‡∏ô‡πà‡∏ß‡∏¢‡∏Ñ‡∏ß‡∏≤‡∏°‡∏à‡∏≥‡πÅ‡∏ü‡∏•‡∏ä‡πÅ‡∏ö‡∏ö‡πÄ‡∏ï‡πá‡∏°‡∏´‡∏ô‡πâ‡∏≤‡∏à‡∏≠‡∏£‡∏≠‡∏á‡∏£‡∏±‡∏ö‡∏•‡∏≤‡∏¢‡∏ô‡∏¥‡πâ‡∏ß‡∏°‡∏∑‡∏≠‡∏™‡∏°‡∏≤‡∏£‡πå‡∏ó‡πÇ‡∏ü‡∏ô 6800MAh Face Unlock ‡∏™‡πÄ‡∏õ‡∏Ñ‡πÅ‡∏ó‡πâ/‡∏£‡∏≤‡∏Ñ‡∏≤‡∏ñ‡∏π‡∏Å ‡πÄ‡∏Ñ‡∏£‡∏∑‡πà‡∏≠‡∏á‡πÅ‡∏ó‡πâ,‡∏ø919.00
Lazada,mobile phone,‡πÇ‡∏ó‡∏£‡∏®‡∏±‡∏û‡∏ó‡πå‡∏°‡∏∑‡∏≠‡∏ñ‡∏∑‡∏≠ VIVQ Y21 Smartphone ‡πÇ‡∏ó‡∏£‡∏®‡∏±‡∏û‡∏ó‡πå‡∏™‡∏≥‡∏´‡∏£‡∏±‡∏ö‡πÄ‡∏•‡πà‡∏ô‡πÄ‡∏Å‡∏° 4G/5G 6.7inch+HD Screen ‡πÇ‡∏ó‡∏£‡∏®‡∏±‡∏û‡∏ó‡πå‡∏°‡∏∑‡∏≠‡∏ñ‡∏∑‡∏≠ ‡∏£‡∏≠‡∏á‡∏£‡∏±‡∏ö2‡∏ã‡∏¥‡∏° ‡πÇ‡∏ó‡∏£‡∏®‡∏±‡∏û‡∏ó‡πå‡∏™‡∏°‡∏≤ ‡πÅ‡∏£‡∏°16GB ‡∏£‡∏≠‡∏°512GB ‡πÇ‡∏ó‡∏£‡∏®‡∏±‡∏û‡∏ó‡πå‡∏ñ‡∏π‡∏Å‡πÜ Android13.0 ‡∏°‡∏∑‡∏≠‡∏ñ‡∏∑‡∏≠ Face Unlock Mobile phone ‡∏õ‡∏•‡∏î‡∏•‡πá‡∏≠‡∏Ñ‡πÉ‡∏ö‡∏´‡∏ô‡πâ‡∏≤ ‡∏°‡∏∑‡∏≠‡∏ñ‡∏∑‡∏≠‡∏£‡∏≤‡∏Ñ‡∏≤‡∏ñ‡∏π‡∏Å‡πÜ ‡πÅ‡∏°‡πà‡∏á‡∏≤‡∏° ‡πÇ‡∏ó‡∏£‡∏®‡∏±‡∏û‡∏ó‡πå‡∏°‡∏∑‡∏≠‡∏ñ‡∏∑‡∏≠,‡∏ø949.00
Lazada,mobile phone,„Äê‡∏£‡∏±‡∏ö‡∏õ‡∏£‡∏∞‡∏Å‡∏±‡∏ô1‡∏õ‡∏µ„Äë‡∏Ç‡∏≠‡∏á‡πÅ‡∏ó‡πâ100% Sansumg S24 Ultra ‡∏™‡∏°‡∏≤‡∏£‡πå‡∏ó‡πÇ‡∏ü‡∏ô 7.5‡∏ô‡∏¥‡πâ‡∏ß 5G ‡πÄ‡∏ï‡πá‡∏°‡∏à‡∏≠ 16GB+1TB ‡∏£‡∏≠‡∏á‡∏£‡∏±‡∏ö2‡∏ã‡∏¥‡∏° Smartphone 6800mAh ‡∏°‡∏∑‡∏≠‡∏ñ‡∏∑‡∏≠‡∏£‡∏≤‡∏Ñ‡∏≤‡∏ñ‡∏π‡∏Å Mobile Android12.0 ‡πÇ‡∏ó‡∏£‡∏®‡∏±‡∏û‡∏ó‡πå‡∏°‡∏∑‡∏≠‡∏ñ‡∏∑‡∏≠ ‡πÇ‡∏ó‡∏£‡∏®‡∏±‡∏û‡∏ó‡πå‡πÄ‡∏•‡πà‡∏ô‡πÄ‡∏Å‡∏°‡∏•‡∏∑‡πà‡∏ô ‡∏°‡∏∑‡∏≠‡∏ñ‡∏∑‡∏≠‡∏£‡∏≤‡∏Ñ‡∏≤‡∏ñ‡∏π‡∏Å ‡πÇ‡∏ó‡∏£‡∏®‡∏±‡∏û‡∏ó‡πå‡πÄ‡∏•‡πà‡∏ô‡πÄ‡∏Å‡∏°‡∏£‡∏≤‡∏Ñ‡∏≤‡∏ñ‡∏π‡∏Å ‡∏™‡πà‡∏á‡∏ü‡∏£‡∏µ S22 Ultra S23 Ultra ‡∏°‡∏∑‡∏≠‡∏ñ‡∏∑‡∏≠,"‡∏ø1,688.00"
Lazada,mobile phone,‡πÇ‡∏ó‡∏£‡∏®‡∏±‡∏û‡∏ó‡πå‡∏°‡∏∑‡∏≠‡∏ñ‡∏∑‡∏≠ViVO V23 5G 6.7‡∏ô‡∏¥‡πâ‡∏ß ‡∏£‡∏≠‡∏á‡∏£‡∏±‡∏ö2‡∏ã‡∏¥‡∏° Smartphone 4G/5G ‡πÅ‡∏£‡∏°16GB ‡∏£‡∏≠‡∏°512GB 24MP+48MP ‡πÇ‡∏ó‡∏£‡∏®‡∏±‡∏û‡∏ó‡πå‡∏ñ‡∏π‡∏Å‡πÜ Android12 ‡∏°‡∏∑‡∏≠‡∏ñ‡∏∑‡∏≠ Mobile phone ‡∏°‡∏∑‡∏≠‡∏ñ‡∏∑‡∏≠‡∏£‡∏≤‡∏Ñ‡∏≤‡∏ñ‡∏π‡∏Å‡πÜ ‡πÇ‡∏ó‡∏£‡∏®‡∏±‡∏û‡∏ó‡πå‡∏™‡∏≥‡∏´‡∏£‡∏±‡∏ö‡πÄ‡∏•‡πà‡∏ô‡πÄ‡∏Å‡∏° ‡πÅ‡∏≠‡∏õ‡∏ò‡∏ô‡∏≤‡∏Ñ‡∏≤‡∏£ ‡∏û‡∏£‡πâ‡∏≠‡∏°‡∏™‡πà‡∏á‡πÉ‡∏ô‡πÑ‡∏ó‡∏¢,‡∏ø919.00
Lazada,mobile phone,‡πÇ‡∏ó‡∏£‡∏®‡∏±‡∏û‡∏ó‡πå‡∏°‡∏∑‡∏≠‡∏ñ‡∏∑‡∏≠ VIVQ V40 ‡πÄ‡∏Ñ‡∏£‡∏∑‡πà‡∏≠‡∏á‡πÉ‡∏´‡∏°‡πà 5G 6.7‡∏ô‡∏¥‡πâ‡∏ß HD+ ‡πÅ‡∏£‡∏°16GB‡∏£‡∏≠‡∏°512GB ‡∏£‡∏≠‡∏á‡∏£‡∏±‡∏ö2‡∏ã‡∏¥‡∏° Smartphone ‡πÇ‡∏ó‡∏£‡∏®‡∏±‡∏û‡∏ó‡πå‡∏™‡∏°‡∏≤ ‡πÇ‡∏ó‡∏£‡∏®‡∏±‡∏û‡∏ó‡πå‡∏ñ‡∏π‡∏Å‡πÜ Android13.0 ‡∏°‡∏∑‡∏≠‡∏ñ‡∏∑‡∏≠ ‡πÄ‡πÄ‡∏ñ‡∏°‡∏ü‡∏£‡∏µ‡πÄ‡∏Ñ‡∏™‡πÉ‡∏™+‡∏ü‡∏¥‡∏•‡πå‡∏°,‡∏ø879.00
Lazada,mobile phone,Yesphone ‡πÇ‡∏ó‡∏£‡∏®‡∏±‡∏û‡∏ó‡πå‡∏°‡∏∑‡∏≠‡∏ñ‡∏∑‡∏≠‡∏õ‡∏∏‡πà‡∏°‡∏Å‡∏î ‡∏£‡∏∏‡πà‡∏ô Evo Lumens ‡∏ü‡∏£‡∏µ‡∏Ç‡∏≠‡∏á‡πÅ‡∏ñ‡∏°,‡∏ø999.00
Lazada,mobile phone,„Äê‡∏Ç‡∏≠‡∏á‡πÅ‡∏ó‡πâ100%„ÄëOPPQ Reno10pro ‡πÉ‡∏´‡∏°‡πà 5G 6.7‡∏ô‡∏¥‡πâ‡∏ß ‡πÇ‡∏ó‡∏£‡∏®‡∏±‡∏û‡∏ó‡πå‡∏°‡∏∑‡∏≠‡∏ñ‡∏∑‡∏≠ ‡∏£‡∏≠‡∏á‡∏£‡∏±‡∏ö2‡∏ã‡∏¥‡∏° Smartphone 4G/5G ‡πÅ‡∏£‡∏°16GB ‡∏£‡∏≠‡∏°512GB ‡∏°‡∏∑‡∏≠‡∏ñ‡∏∑‡∏≠ ‡πÇ‡∏ó‡∏£‡∏®‡∏±‡∏û‡∏ó‡πå‡∏ñ‡∏π‡∏Å‡πÜ 32MP+64MP Mobile phone 6800mAh ‡∏°‡∏∑‡∏≠‡∏ñ‡∏∑‡∏≠ ‡∏™‡πà‡∏á‡∏ü‡∏£‡∏µ ‡∏°‡∏∑‡∏≠‡∏ñ‡∏∑‡∏≠‡∏£‡∏≤‡∏Ñ‡∏≤‡∏ñ‡∏π‡∏Å‡πÜ ‡∏£‡∏±‡∏ö‡πÄ‡∏•‡πà‡∏ô‡πÄ‡∏Å‡∏° ‡πÇ‡∏ó‡∏£‡∏™‡∏±‡∏ö‡∏£‡∏≤‡∏Ñ‡∏≤‡∏ñ‡∏π‡∏Å ‡πÇ‡∏ó‡∏£‡∏®‡∏±‡∏û‡∏ó‡πå,‡∏ø988.00
Lazada,mobile phone,‡πÇ‡∏ó‡∏£‡∏®‡∏±‡∏û‡∏ó‡πå‡∏°‡∏∑‡∏≠‡∏ñ‡∏∑‡∏≠ OPPQ A78 5G 6.7‡∏ô‡∏¥‡πâ‡∏ß 16+512GB ‡∏£‡∏≠‡∏á‡∏£‡∏±‡∏ö2‡∏ã‡∏¥‡∏° Smartphone 24MP+48MP ‡πÇ‡∏ó‡∏£‡∏®‡∏±‡∏û‡∏ó‡πå‡∏ñ‡∏π‡∏Å‡πÜ 6800mAh Android13 ‡∏£‡∏≠‡∏á‡∏£‡∏±‡∏ö‡πÅ‡∏≠‡∏õ‡∏ò‡∏ô‡∏≤‡∏Ñ‡∏≤‡∏£‡∏ö‡∏ô‡∏°‡∏∑‡∏≠‡∏ñ‡∏∑‡∏≠ Mobile phone,‡∏ø899.00
Lazada,mobile phone,„Äê‡∏Ç‡∏≠‡∏á‡πÅ‡∏ó‡πâ100%„Äë2025 ‡πÉ‡∏´‡∏°‡πà ‡πÇ‡∏ó‡∏£‡∏®‡∏±‡∏û‡∏ó‡πå‡∏°‡∏∑‡∏≠‡∏ñ‡∏∑‡∏≠ VIV0 Y36 4G/5G Phantoms ‡∏°‡∏∑‡∏≠‡∏ñ‡∏∑‡∏≠ 7.5‚Äú HD+ ‡∏£‡∏≠‡∏á‡∏£‡∏±‡∏ö2‡∏ã‡∏¥‡∏° Smartphone ‡πÅ‡∏£‡∏°16GB ‡∏£‡∏≠‡∏°1TB ‡πÇ‡∏ó‡∏£‡∏®‡∏±‡∏û‡∏ó‡πå‡∏ñ‡∏π‡∏Å‡πÜ Mobile phone V50 ‡∏°‡∏∑‡∏≠‡∏ñ‡∏∑‡∏≠ ‡πÇ‡∏ó‡∏£‡∏®‡∏±‡∏û‡∏ó‡πå ‡∏ñ‡∏π‡∏Å‡πÜ ‡∏î‡∏µ ‡∏°‡∏∑‡∏≠‡∏ñ‡∏∑‡∏≠‡∏£‡∏≤‡∏Ñ‡∏≤‡∏ñ‡∏π‡∏Å‡πÜ 6800mAh ‡πÇ‡∏ó‡∏£‡∏™‡∏±‡∏ö‡∏£‡∏≤‡∏Ñ‡∏≤‡∏ñ‡∏π‡∏Å ‡∏™‡πà‡∏á‡∏ü‡∏£‡∏µ Y100 5G ‡πÇ‡∏ó‡∏£‡∏®‡∏±‡∏û‡∏ó‡πå,"‡∏ø1,688.00"
Lazada,mobile phone,‡πÇ‡∏ó‡∏£‡∏®‡∏±‡∏û‡∏ó‡πå SANSUNG S22ultra ‡πÄ‡∏Ñ‡∏£‡∏∑‡πà‡∏≠‡∏á‡πÉ‡∏´‡∏°‡πà ‡∏™‡∏°‡∏≤‡∏£‡πå‡∏ó‡πÇ‡∏ü‡∏ô 5G (Ram16G + Rom512G) 6.7‡∏ô‡∏¥‡πâ‡∏ß Smartphone Android12.0 ‡∏£‡∏≠‡∏á‡∏£‡∏±‡∏ö2‡∏ã‡∏¥‡∏° ‡∏°‡∏µ‡πÄ‡∏°‡∏ô‡∏π‡∏†‡∏≤‡∏©‡∏≤‡πÑ‡∏ó‡∏¢ ‡∏£‡∏≠‡∏á‡∏£‡∏±‡∏ö‡πÅ‡∏≠‡∏õ‡∏ò‡∏ô‡∏≤‡∏Ñ‡∏≤‡∏£ ‡∏°‡∏∑‡∏≠‡∏ñ‡∏∑‡∏≠‡∏£‡∏≤‡∏Ñ‡∏≤‡∏ñ‡∏π‡∏Å‡πÜ ‡πÇ‡∏ó‡∏£‡∏®‡∏±‡∏û‡∏ó‡πå‡∏ñ‡∏π‡∏Å‡πÜ‡∏î,‡∏ø849.00
Lazada,mobile phone,‡πÇ‡∏ó‡∏£‡∏®‡∏±‡∏û‡∏ó‡πå‡∏°‡∏∑‡∏≠‡∏ñ‡∏∑‡∏≠ SANSUNG A55 Smartphone 7.5 ‡∏ô‡∏¥‡πâ‡∏ß RAM 16GB+ROM 256GB ‡πÇ‡∏ó‡∏£‡∏®‡∏±‡∏û‡∏ó‡πå‡∏°‡∏∑‡∏≠‡∏ñ‡∏∑‡∏≠‡∏£‡∏≤‡∏Ñ‡∏≤‡∏ñ‡∏π‡∏Å 4K HD 6800mAh ‡πÇ‡∏ó‡∏£‡∏®‡∏±‡∏û‡∏ó‡πå ‡∏£‡∏≠‡∏á‡∏£‡∏±‡∏ö‡∏†‡∏≤‡∏©‡∏≤‡πÑ‡∏ó‡∏¢ ‡∏£‡∏∞‡∏ö‡∏ö‡∏ô‡∏≥‡∏ó‡∏≤‡∏á ‡∏°‡∏∑‡∏≠‡∏ñ‡∏∑‡∏≠‡πÅ‡∏£‡∏á‡πÜ ‡πÄ‡∏´‡∏°‡∏≤‡∏∞‡∏™‡∏≥‡∏´‡∏£‡∏±‡∏ö Line Facebook ‡∏à‡∏±‡∏î‡∏™‡πà‡∏á‡∏ü‡∏£‡∏µ ‡πÄ‡∏°‡∏ô‡∏π‡∏†‡∏≤‡∏©‡∏≤‡πÑ‡∏ó‡∏¢ ‡∏£‡∏±‡∏ö‡∏õ‡∏£‡∏∞‡∏Å‡∏±‡∏ô1‡∏õ‡∏µ ‡πÇ‡∏ó‡∏£‡∏®‡∏±‡∏û‡∏ó‡πå‡∏°‡∏∑‡∏≠‡∏ñ‡∏∑‡∏≠ ‡πÇ‡∏ó‡∏£‡∏®‡∏±‡∏û‡∏ó‡πå‡πÄ‡∏•‡πà‡∏ô‡πÄ‡∏Å‡∏° „Äê‡∏Ç‡∏≠‡∏á‡πÅ‡∏ó‡πâ100%„Äë,‡∏ø829.00
Lazada,mobile phone,„Äê‡∏£‡∏±‡∏ö‡∏õ‡∏£‡∏∞‡∏Å‡∏±‡∏ô 1‡∏õ‡∏µ„Äë‡∏Ç‡∏≠‡∏á‡πÅ‡∏ó‡πâ100% OPP0 A96 5G 7.1‡∏ô‡∏¥‡πâ‡∏ß ‡πÇ‡∏ó‡∏£‡∏®‡∏±‡∏û‡∏ó‡πå‡∏°‡∏∑‡∏≠‡∏ñ‡∏∑‡∏≠ ‡∏£‡∏≠‡∏á‡∏£‡∏±‡∏ö2‡∏ã‡∏¥‡∏° Smartphone 4G/5G ‡πÇ‡∏ó‡∏£‡∏®‡∏±‡∏û‡∏ó‡πå‡∏™‡∏°‡∏≤ ‡πÅ‡∏£‡∏°16GB ‡∏£‡∏≠‡∏°512GB ‡πÇ‡∏ó‡∏£‡∏®‡∏±‡∏û‡∏ó‡πå‡∏ñ‡∏π‡∏Å‡πÜ Android11.0 ‡πÇ‡∏ó‡∏£‡∏®‡∏±‡∏û‡∏ó‡πå Mobile phone ‡∏™‡πà‡∏á‡∏ü‡∏£‡∏µ ‡πÇ‡∏ó‡∏£‡∏®‡∏±‡∏û‡∏ó‡πå‡∏£‡∏≤‡∏Ñ‡∏≤‡∏ñ‡∏π‡∏Å‡πÜ ‡∏£‡∏±‡∏ö‡πÄ‡∏•‡πà‡∏ô‡πÄ‡∏Å‡∏° ‡πÇ‡∏ó‡∏£‡∏®‡∏±‡∏û‡∏ó‡πå‡∏°‡∏∑‡∏≠‡∏ñ‡∏∑‡∏≠‡∏Ç‡∏≠‡∏á‡πÅ‡∏ó‡πâ ‡πÇ‡∏ó‡∏£‡∏®‡∏±‡∏û‡∏ó‡πå ‡∏ñ‡∏π‡∏Å‡πÜ ‡∏î‡∏µ A58 5G ‡∏°‡∏∑‡∏≠‡∏ñ‡∏∑‡∏≠,"‡∏ø1,428.00"
Lazada,mobile phone,‡∏™‡∏°‡∏≤‡∏£‡πå‡∏ó‡πÇ‡∏ü‡∏ô OPPQ A17 Smartphone 4G/5G ‡πÇ‡∏ó‡∏£‡∏®‡∏±‡∏û‡∏ó‡πå‡∏°‡∏∑‡∏≠‡∏ñ‡∏∑‡∏≠ 6.7inch+HD 16GB+512GB ‡πÇ‡∏ó‡∏£‡∏®‡∏±‡∏û‡∏ó‡πå Android Smartphone ‡πÇ‡∏ó‡∏£‡∏®‡∏±‡∏û‡∏ó‡πå‡∏°‡∏∑‡∏≠‡∏ñ‡∏∑‡∏≠ ‡∏™‡∏°‡∏≤‡∏£‡πå‡∏ó‡πÇ‡∏ü‡∏ô 5G ‡∏°‡∏∑‡∏≠‡∏ñ‡∏∑‡∏≠ ‡πÄ‡∏°‡∏ô‡∏π‡∏†‡∏≤‡∏©‡∏≤‡πÑ‡∏ó‡∏¢ 6800mAh ‡πÇ‡∏ó‡∏£‡∏®‡∏±‡∏û‡∏ó‡πå‡∏ñ‡∏π‡∏Å‡πÜ Android13.0 ‡πÇ‡∏ó‡∏£‡∏®‡∏±‡∏û‡∏ó‡πå‡∏°‡∏∑‡∏≠‡∏ñ‡∏∑‡∏≠‡∏£‡∏≤‡∏Ñ‡∏≤‡∏ñ‡∏π‡∏Å A96,‡∏ø949.00
Lazada,mobile phone,‡∏°‡∏∑‡∏≠‡∏ñ‡∏∑‡∏≠‡∏£‡∏∏‡πà‡∏ô‡∏õ‡∏∏‡πà‡∏°‡∏Å‡∏î HERO GT-E1200Y ‡∏°‡∏∑‡∏≠‡∏ñ‡∏∑‡∏≠ ‡∏£‡∏≠‡∏á‡∏£‡∏±‡∏ö3G ‡πÅ‡∏•‡∏∞ 4G ‡∏ã‡∏±‡∏°‡∏ã‡∏∏‡∏á‡∏Æ‡∏µ‡πÇ‡∏£‡πà ‡πÇ‡∏ó‡∏£‡∏®‡∏±‡∏û‡∏ó‡πå‡∏õ‡∏∏‡πà‡∏°‡∏Å‡∏î ‡∏£‡∏≤‡∏Ñ‡∏≤‡∏™‡πà‡∏á,‡∏ø265.00
Lazada,mobile phone,„Äê‡∏Ç‡∏≠‡∏á‡πÅ‡∏ó‡πâ100%„Äë‡πÉ‡∏´‡∏°‡πà ‡πÇ‡∏ó‡∏£‡∏®‡∏±‡∏û‡∏ó‡πå‡∏°‡∏∑‡∏≠‡∏ñ‡∏∑‡∏≠ VIV0 Y21 5G Phantoms ‡∏°‡∏∑‡∏≠‡∏ñ‡∏∑‡∏≠ 7.5‚Äú HD+ ‡∏£‡∏≠‡∏á‡∏£‡∏±‡∏ö2‡∏ã‡∏¥‡∏° Smartphone 4G/5G ‡πÅ‡∏£‡∏°16GB ‡∏£‡∏≠‡∏°1TB ‡πÇ‡∏ó‡∏£‡∏®‡∏±‡∏û‡∏ó‡πå‡∏ñ‡∏π‡∏Å‡πÜ Android 12.0 Mobile phone V29 ‡∏°‡∏∑‡∏≠‡∏ñ‡∏∑‡∏≠ ‡πÇ‡∏ó‡∏£‡∏®‡∏±‡∏û‡∏ó‡πå ‡∏ñ‡∏π‡∏Å‡πÜ ‡∏î‡∏µ ‡∏°‡∏∑‡∏≠‡∏ñ‡∏∑‡∏≠‡∏£‡∏≤‡∏Ñ‡∏≤‡∏ñ‡∏π‡∏Å‡πÜ ‡πÇ‡∏ó‡∏£‡∏®‡∏±‡∏û‡∏ó‡πå‡∏™‡∏≥‡∏´ ‡∏£‡∏±‡∏ö‡πÄ‡∏•‡πà‡∏ô‡πÄ‡∏Å‡∏° ‡πÇ‡∏ó‡∏£‡∏™‡∏±‡∏ö‡∏£‡∏≤‡∏Ñ‡∏≤‡∏ñ‡∏π‡∏Å ‡∏™‡πà‡∏á‡∏ü‡∏£‡∏µ Y18 5G ‡πÇ‡∏ó‡∏£‡∏®‡∏±‡∏û‡∏ó‡πå,"‡∏ø1,588.00"
Lazada,mobile phone,‡πÇ‡∏ó‡∏£‡∏®‡∏±‡∏û‡∏ó‡πå‡∏°‡∏∑‡∏≠‡∏ñ‡∏∑‡∏≠‡∏õ‡∏∏‡πà‡∏°‡∏Å‡∏î‡πÉ‡∏´‡∏ç‡πà ‡πÉ‡∏™‡πà‡πÑ‡∏î‡πâ 2 ‡∏ã‡∏¥‡∏°,‡∏ø800.00
Lazada,mobile phone,„Äê‡∏Ç‡∏≠‡∏á‡πÅ‡∏ó‡πâ100%„Äë‡∏Ç‡∏≠‡∏á‡πÅ‡∏ó‡πâ ‡∏°‡∏∑‡∏≠‡∏ñ‡∏∑‡∏≠ VIV0 Y22 5G 7.5‡∏ô‡∏¥‡πâ‡∏ß ‡πÇ‡∏ó‡∏£‡∏®‡∏±‡∏û‡∏ó‡πå‡∏°‡∏∑‡∏≠‡∏ñ‡∏∑‡∏≠ ‡∏£‡∏≠‡∏á‡∏£‡∏±‡∏ö2‡∏ã‡∏¥‡∏° Smartphone 4G/5G ‡πÇ‡∏ó‡∏£‡∏®‡∏±‡∏û‡∏ó‡πå‡∏™‡∏°‡∏≤ ‡πÅ‡∏£‡∏°16GB ‡∏£‡∏≠‡∏°512GB ‡πÇ‡∏ó‡∏£‡∏®‡∏±‡∏û‡∏ó‡πå‡∏ñ‡∏π‡∏Å‡πÜ Android11.0 ‡πÇ‡∏ó‡∏£‡∏®‡∏±‡∏û‡∏ó‡πå Mobile phone ‡∏™‡πà‡∏á‡∏ü‡∏£‡∏µ ‡πÇ‡∏ó‡∏£‡∏®‡∏±‡∏û‡∏ó‡πå‡∏°‡∏∑‡∏≠‡∏ñ‡∏∑‡∏≠‡∏Ç‡∏≠‡∏á‡πÅ‡∏ó‡πâ ‡πÇ‡∏ó‡∏£‡∏®‡∏±‡∏û‡∏ó‡πå‡∏™‡∏≥‡∏´ ‡∏£‡∏±‡∏ö‡πÄ‡∏•‡πà‡∏ô‡πÄ‡∏Å‡∏° ‡πÇ‡∏ó‡∏£‡∏™‡∏±‡∏ö‡∏£‡∏≤‡∏Ñ‡∏≤‡∏ñ‡∏π‡∏Å Y33s ‡∏£‡∏±‡∏ö‡∏õ‡∏£‡∏∞‡∏Å‡∏±‡∏ô 1 ‡∏õ‡∏µ,"‡∏ø1,428.00"
Lazada,mobile phone,‡πÇ‡∏ó‡∏£‡∏®‡∏±‡∏û‡∏ó‡πå‡∏°‡∏∑‡∏≠‡∏ñ‡∏∑‡∏≠ Sansang A05 5G ‡∏™‡∏°‡∏≤‡∏£‡πå‡∏ó‡πÇ‡∏ü‡∏ô 6.7‡∏ô‡∏¥‡πâ‡∏ß 16GB+512GB ‡∏£‡∏≠‡∏á‡∏£‡∏±‡∏ö2‡∏ã‡∏¥‡∏° Smartphone ‡∏°‡∏∑‡∏≠‡∏ñ‡∏∑‡∏≠ 7800MAh ‡∏£‡∏≠‡∏á‡∏£‡∏±‡∏ö‡∏ó‡∏∏‡∏Å‡∏ã‡∏¥‡∏°‡∏Å‡∏≤‡∏£‡πå‡∏î‡πÉ‡∏ô‡πÑ‡∏ó‡∏¢,"‡∏ø1,099.00"
Lazada,mobile phone,‡πÇ‡∏ó‡∏£‡∏®‡∏±‡∏û‡∏ó‡πå‡∏°‡∏∑‡∏≠‡∏ñ‡∏∑‡∏≠ Realma Note 50 5G ‡∏™‡∏°‡∏≤‡∏£‡πå‡∏ó‡πÇ‡∏ü‡∏ô 6.7‡∏ô‡∏¥‡πâ‡∏ß Phone ‡πÇ‡∏ó‡∏£‡∏®‡∏±‡∏û‡∏ó‡πå ‡∏£‡∏≠‡∏á‡∏£‡∏±‡∏ö2‡∏ã‡∏¥‡∏° Smartphone ‡πÇ‡∏ó‡∏£‡∏®‡∏±‡∏û‡∏ó‡πå‡∏™‡∏°‡∏≤ (RAM16GB+ROM512GB) ‡∏°‡∏∑‡∏≠‡∏ñ‡∏∑‡∏≠ 6800MAh ‡πÇ‡∏ó‡∏£‡∏®‡∏±‡∏û‡∏ó‡πå‡∏£‡∏≤‡∏Ñ‡∏ñ‡∏π‡∏Å Mobile phone ‡πÇ‡∏ó‡∏£‡∏®‡∏±‡∏û‡∏ó‡πå‡∏ñ‡∏π‡∏Å‡πÜ ‡∏£‡∏≠‡∏á‡∏£‡∏±‡∏ö‡∏ó‡∏∏‡∏Å‡∏ã‡∏¥‡∏°‡∏Å‡∏≤‡∏£‡πå‡∏î‡πÉ‡∏ô‡πÑ‡∏ó‡∏¢,‡∏ø909.00
Lazada,mobile phone,„Äê‡∏£‡∏±‡∏ö‡∏õ‡∏£‡∏∞‡∏Å‡∏±‡∏ô1‡∏õ‡∏µ„Äë2024 ‡πÉ‡∏´‡∏° Sansumg S24 Ultra ‡∏™‡∏°‡∏≤‡∏£‡πå‡∏ó‡πÇ‡∏ü‡∏ô 7.5‡∏ô‡∏¥‡πâ‡∏ß 5G ‡πÄ‡∏ï‡πá‡∏°‡∏à‡∏≠ 16GB+1TB ‡∏£‡∏≠‡∏á‡∏£‡∏±‡∏ö2‡∏ã‡∏¥‡∏° Smartphone 6800mAh ‡∏°‡∏∑‡∏≠‡∏ñ‡∏∑‡∏≠‡∏£‡∏≤‡∏Ñ‡∏≤‡∏ñ‡∏π‡∏Å Mobile Android12.0 ‡πÇ‡∏ó‡∏£‡∏®‡∏±‡∏û‡∏ó‡πå‡∏°‡∏∑‡∏≠‡∏ñ‡∏∑‡∏≠ ‡πÇ‡∏ó‡∏£‡∏®‡∏±‡∏û‡∏ó‡πå‡πÄ‡∏•‡πà‡∏ô‡πÄ‡∏Å‡∏°‡∏•‡∏∑‡πà‡∏ô ‡∏°‡∏∑‡∏≠‡∏ñ‡∏∑‡∏≠‡∏£‡∏≤‡∏Ñ‡∏≤‡∏ñ‡∏π‡∏Å ‡πÇ‡∏ó‡∏£‡∏®‡∏±‡∏û‡∏ó‡πå‡πÄ‡∏•‡πà‡∏ô‡πÄ‡∏Å‡∏°‡∏£‡∏≤‡∏Ñ‡∏≤‡∏ñ‡∏π‡∏Å ‡∏™‡πà‡∏á‡∏ü‡∏£‡∏µ A55 S23 Ultra ‡∏°‡∏∑‡∏≠‡∏ñ‡∏∑‡∏≠ 100%‡∏Ç‡∏≠‡∏á‡πÅ‡∏ó‡πâ,"‡∏ø1,688.00"
Lazada,mobile phone,‡πÇ‡∏ó‡∏£‡∏®‡∏±‡∏û‡∏ó‡πå‡∏°‡∏∑‡∏≠‡∏ñ‡∏∑‡∏≠ inovo F8 Solo ‡∏´‡∏ô‡πâ‡∏≤‡∏à‡∏≠ 6.9 ‡∏ô‡∏¥‡πâ‡∏ß ‡∏£‡∏≠‡∏á‡∏£‡∏±‡∏ö‡∏™‡πÅ‡∏Å‡∏ô ‡πÄ‡∏õ‡πã‡∏≤‡∏ï‡∏±‡∏á ‡∏ò‡∏ô‡∏≤‡∏Ñ‡∏≤‡∏£ TT ‡πÇ‡∏ã‡πÄ‡∏ä‡∏µ‡∏¢‡∏• ‡πÄ‡∏Ñ‡∏£‡∏∑‡πà‡∏≠‡∏á‡∏®‡∏π‡∏ô‡∏¢‡πå‡πÑ‡∏ó‡∏¢‡πÅ‡∏ó‡πâ ‡∏£‡∏±‡∏ö‡∏õ‡∏£‡∏∞‡∏Å‡∏±‡∏ô 1 ‡∏õ‡∏µ,"‡∏ø1,990.00"
Lazada,mobile phone,„Äê‡∏£‡∏±‡∏ö‡∏õ‡∏£‡∏∞‡∏Å‡∏±‡∏ô 1‡∏õ‡∏µ„Äë2025‡πÉ‡∏´‡∏°‡πà‡∏Ç‡∏≠‡∏á‡πÅ‡∏ó‡πâ OPP0 Reno12 F 5G 7.5‡∏ô‡∏¥‡πâ‡∏ß ‡πÇ‡∏ó‡∏£‡∏®‡∏±‡∏û‡∏ó‡πå‡∏°‡∏∑‡∏≠‡∏ñ‡∏∑‡∏≠ ‡∏£‡∏≠‡∏á‡∏£‡∏±‡∏ö2‡∏ã‡∏¥‡∏° ‡πÅ‡∏£‡∏°16GB ‡∏£‡∏≠‡∏°1TB Smartphone 4G/5G ‡πÇ‡∏ó‡∏£‡∏®‡∏±‡∏û‡∏ó‡πå‡∏™‡∏°‡∏≤ Android13.0 ‡∏°‡∏∑‡∏≠‡∏ñ‡∏∑‡∏≠ Mobile phone NFC ‡∏°‡∏∑‡∏≠‡∏ñ‡∏∑‡∏≠‡∏£‡∏≤‡∏Ñ‡∏≤‡∏ñ‡∏π‡∏Å‡πÜ ‡∏™‡πà‡∏á‡∏ü‡∏£‡∏µ ‡πÇ‡∏ó‡∏£‡∏®‡∏±‡∏û‡∏ó‡πå‡∏ñ‡∏π‡∏Å‡πÜ ‡πÇ‡∏ó‡∏£‡∏®‡∏±‡∏û‡∏ó‡πå‡∏™‡∏≥‡∏´ ‡∏£‡∏±‡∏ö‡πÄ‡∏•‡πà‡∏ô‡πÄ‡∏Å‡∏° ‡πÇ‡∏ó‡∏£‡∏™‡∏±‡∏ö‡∏£‡∏≤‡∏Ñ‡∏≤‡∏ñ‡∏π‡∏Å Reno10 Pro 5G ‡πÇ‡∏ó‡∏£‡∏®‡∏±‡∏û‡∏ó‡πå,"‡∏ø1,688.00"
Lazada,mobile phone,‡∏°‡∏∑‡∏≠‡∏ñ‡∏∑‡∏≠‡∏£‡∏∏‡πà‡∏ô ‡πÄ‡∏ó‡∏Ñ‡πÇ‡∏ô ‡∏õ‡πá‡∏≠‡∏õ 3 ‡∏û‡∏•‡∏±‡∏™ (‡∏á‡∏≤‡∏ô‡πÄ‡∏î‡∏¥‡∏°) ‡∏´‡∏ô‡πâ‡∏≤‡∏à‡∏≠ 6.52 ‡∏ô‡∏¥‡πâ‡∏ß ‡πÅ‡∏£‡∏° 1 ‡∏£‡∏≠‡∏°16 ‡πÅ‡∏ö‡∏ï‡πÄ‡∏ï‡∏≠‡∏£‡∏µ‡πà 4000 mAh ‡πÅ‡∏≠‡∏ô‡∏î‡∏£‡∏≠‡∏¢‡∏î‡πå 10 (‡πÅ‡∏ñ‡∏°‡∏ü‡∏£‡∏µ‡∏ä‡∏∏‡∏î‡∏ä‡∏≤‡∏£‡πå‡∏à),‡∏ø669.00
Lazada,smartphone,iPhone 16 Pro Max,"‡∏ø45,990.00"
Lazada,smartphone,iPhone 16 Pro Max,"‡∏ø45,990.00"
Lazada,smartphone,‡πÇ‡∏ó‡∏£‡∏®‡∏±‡∏û‡∏ó‡πå‡∏°‡∏∑‡∏≠‡∏ñ‡∏∑‡∏≠ C55 Smartphone7.5‡∏ô‡∏¥‡πâ‡∏ß RAM 16GB+ROM512GB ‡πÇ‡∏ó‡∏£‡∏®‡∏±‡∏û‡∏ó‡πå‡∏°‡∏∑‡∏≠‡∏ñ‡∏∑‡∏≠‡∏£‡∏≤‡∏Ñ‡∏≤‡∏ñ‡∏π‡∏Å 4K HD 6800mAh ‡πÇ‡∏ó‡∏£‡∏®‡∏±‡∏û‡∏ó‡πå ‡∏£‡∏≠‡∏á‡∏£‡∏±‡∏ö‡∏†‡∏≤‡∏©‡∏≤‡πÑ‡∏ó‡∏¢ ‡∏£‡∏∞‡∏ö‡∏ö‡∏ô‡∏≥‡∏ó‡∏≤‡∏á ‡∏°‡∏∑‡∏≠‡∏ñ‡∏∑‡∏≠‡πÅ‡∏£‡∏á‡πÜ ‡πÄ‡∏´‡∏°‡∏≤‡∏∞‡∏™‡∏≥‡∏´‡∏£‡∏±‡∏ö Line Facebook,‡∏ø997.00
Lazada,smartphone,‡πÇ‡∏ó‡∏£‡∏®‡∏±‡∏û‡∏ó‡πå‡∏°‡∏∑‡∏≠‡∏ñ‡∏∑‡∏≠ ViVO V40 ‡∏™‡∏°‡∏≤‡∏£‡πå‡∏ó‡πÇ‡∏ü‡∏ô 5G ‡πÄ‡∏Ñ‡∏£‡∏∑‡πà‡∏≠‡∏á‡πÉ‡∏´‡∏°‡πà 7.5‡∏ô‡∏¥‡πâ‡∏ß HD+‡∏£‡∏≠‡∏á‡∏£‡∏±‡∏ö2‡∏ã‡∏¥‡∏° Smartphone 4G/5G 16GB+‡∏£‡∏≠‡∏°1TB ‡πÇ‡∏ó‡∏£‡∏®‡∏±‡∏û‡∏ó‡πå‡∏ñ‡∏π‡∏Å‡πÜ Android13.0 ‡πÇ‡∏ó‡∏£‡∏®‡∏±‡∏û‡∏ó‡πå‡∏™‡∏≥‡∏´‡∏£‡∏±‡∏ö‡πÄ‡∏•‡πà‡∏ô‡πÄ‡∏Å‡∏°,‡∏ø859.00
Lazada,smartphone,‡πÇ‡∏ó‡∏£‡∏®‡∏±‡∏û‡∏ó‡πå‡∏°‡∏∑‡∏≠‡∏ñ‡∏∑‡∏≠ 0PPO A97 5G 7.5HD+‡∏£‡∏≠‡∏á‡∏£‡∏±‡∏ö2‡∏ã‡∏¥‡∏° 16GB+512GB 48MP+72MP 7800mAh ‡πÇ‡∏ó‡∏£‡∏®‡∏±‡∏û‡∏ó‡πå Smartphone Android 13.0 Mobile phone ‡πÇ‡∏ó‡∏£‡∏®‡∏±‡∏û‡∏ó‡πå‡∏ñ‡∏π‡∏Å‡πÜ ‡∏£‡∏≠‡∏á‡∏£‡∏±‡∏ö‡∏ó‡∏∏‡∏Å‡∏ã‡∏¥‡∏°‡∏Å‡∏≤‡∏£‡πå‡∏î‡πÉ‡∏ô‡πÑ‡∏ó‡∏¢ ‡πÇ‡∏ó‡∏£‡∏®‡∏±‡∏û‡∏ó‡πå‡∏°‡∏∑‡∏≠‡∏ñ,‡∏ø949.00
Lazada,smartphone,‡πÇ‡∏ó‡∏£‡∏®‡∏±‡∏û‡∏ó‡πå‡∏°‡∏∑‡∏≠‡∏ñ‡∏∑‡∏≠ reaime C55 ‡πÄ‡∏Ñ‡∏£‡∏∑‡πà‡∏≠‡∏á‡πÉ‡∏´‡∏°‡πà 6.7‡∏ô‡∏¥‡πâ‡∏ß HD 5G Dual Sim smartphone 16+512GB ‡πÇ‡∏ó‡∏£‡∏®‡∏±‡∏û‡∏ó‡πå‡∏°‡∏∑‡∏≠‡∏ñ‡∏∑‡∏≠‡∏£‡∏≤‡∏Ñ‡∏≤‡∏ñ‡∏π‡∏Å 6800mAh ‡πÇ‡∏ó‡∏£‡∏®‡∏±‡∏û‡∏ó‡πå ‡∏£‡∏≠‡∏á‡∏£‡∏±‡∏ö‡∏†‡∏≤‡∏©‡∏≤‡πÑ‡∏ó‡∏¢ ‡∏£‡∏∞‡∏ö‡∏ö‡∏ô‡∏≥‡∏ó‡∏≤‡∏á ‡∏°‡∏∑‡∏≠‡∏ñ‡∏∑‡∏≠‡πÅ‡∏£‡∏á‡πÜ ‡πÄ‡∏´‡∏°‡∏≤‡∏∞‡∏™‡∏≥‡∏´‡∏£‡∏±‡∏ö Facebook,‡∏ø979.00
Lazada,smartphone,iPhone 13,"‡∏ø13,990.00"
Lazada,smartphone,True Smart Max 4.0 Plus (3G),‡∏ø444.00
Lazada,smartphone,‡πÇ‡∏ó‡∏£‡∏®‡∏±‡∏û‡∏ó‡πå‡∏°‡∏∑‡∏≠‡∏ñ‡∏∑‡∏≠ VIVO Y28 ‡πÄ‡∏Ñ‡∏£‡∏∑‡πà‡∏≠‡∏á‡πÉ‡∏´‡∏°‡πà ‡∏™‡∏°‡∏≤‡∏£‡πå‡∏ó‡πÇ‡∏ü‡∏ô 5G (Ram16G + Rom512G) 7.5‡∏ô‡∏¥‡πâ‡∏ß Smartphone Android13.0 ‡∏£‡∏≠‡∏á‡∏£‡∏±‡∏ö2‡∏ã‡∏¥‡∏° ‡∏°‡∏µ‡πÄ‡∏°‡∏ô‡∏π‡∏†‡∏≤‡∏©‡∏≤‡πÑ‡∏ó‡∏¢ ‡∏£‡∏≠‡∏á‡∏£‡∏±‡∏ö‡πÅ‡∏≠‡∏õ‡∏ò‡∏ô‡∏≤‡∏Ñ‡∏≤‡∏£ ‡∏°‡∏∑‡∏≠‡∏ñ‡∏∑‡∏≠‡∏£‡∏≤‡∏Ñ‡∏≤‡∏ñ‡∏π‡∏Å‡πÜ ‡πÇ‡∏ó‡∏£‡∏®‡∏±‡∏û‡∏ó‡πå‡∏ñ‡∏π‡∏Å‡πÜ‡∏î‡∏µ,‡∏ø899.00
Lazada,smartphone,‡πÇ‡∏ó‡∏£‡∏®‡∏±‡∏û‡∏ó‡πå‡∏°‡∏∑‡∏≠‡∏ñ‡∏∑‡∏≠ VIVQ V40 ‡πÄ‡∏Ñ‡∏£‡∏∑‡πà‡∏≠‡∏á‡πÉ‡∏´‡∏°‡πà 5G 6.7‡∏ô‡∏¥‡πâ‡∏ß HD+ ‡πÅ‡∏£‡∏°16GB‡∏£‡∏≠‡∏°512GB ‡∏£‡∏≠‡∏á‡∏£‡∏±‡∏ö2‡∏ã‡∏¥‡∏° Smartphone ‡πÇ‡∏ó‡∏£‡∏®‡∏±‡∏û‡∏ó‡πå‡∏™‡∏°‡∏≤ ‡πÇ‡∏ó‡∏£‡∏®‡∏±‡∏û‡∏ó‡πå‡∏ñ‡∏π‡∏Å‡πÜ Android13.0 ‡∏°‡∏∑‡∏≠‡∏ñ‡∏∑‡∏≠ ‡πÄ‡πÄ‡∏ñ‡∏°‡∏ü‡∏£‡∏µ‡πÄ‡∏Ñ‡∏™‡πÉ‡∏™+‡∏ü‡∏¥‡∏•‡πå‡∏°,‡∏ø879.00
Lazada,smartphone,‡πÇ‡∏ó‡∏£‡∏®‡∏±‡∏û‡∏ó‡πå‡∏°‡∏∑‡∏≠‡∏ñ‡∏∑‡∏≠ SANSUNG A55 Smartphone 7.5 ‡∏ô‡∏¥‡πâ‡∏ß RAM 16GB+ROM 256GB ‡πÇ‡∏ó‡∏£‡∏®‡∏±‡∏û‡∏ó‡πå‡∏°‡∏∑‡∏≠‡∏ñ‡∏∑‡∏≠‡∏£‡∏≤‡∏Ñ‡∏≤‡∏ñ‡∏π‡∏Å 4K HD 6800mAh ‡πÇ‡∏ó‡∏£‡∏®‡∏±‡∏û‡∏ó‡πå ‡∏£‡∏≠‡∏á‡∏£‡∏±‡∏ö‡∏†‡∏≤‡∏©‡∏≤‡πÑ‡∏ó‡∏¢ ‡∏£‡∏∞‡∏ö‡∏ö‡∏ô‡∏≥‡∏ó‡∏≤‡∏á ‡∏°‡∏∑‡∏≠‡∏ñ‡∏∑‡∏≠‡πÅ‡∏£‡∏á‡πÜ ‡πÄ‡∏´‡∏°‡∏≤‡∏∞‡∏™‡∏≥‡∏´‡∏£‡∏±‡∏ö Line Facebook ‡∏à‡∏±‡∏î‡∏™‡πà‡∏á‡∏ü‡∏£‡∏µ ‡πÄ‡∏°‡∏ô‡∏π‡∏†‡∏≤‡∏©‡∏≤‡πÑ‡∏ó‡∏¢ ‡∏£‡∏±‡∏ö‡∏õ‡∏£‡∏∞‡∏Å‡∏±‡∏ô1‡∏õ‡∏µ ‡πÇ‡∏ó‡∏£‡∏®‡∏±‡∏û‡∏ó‡πå‡∏°‡∏∑‡∏≠‡∏ñ‡∏∑‡∏≠ ‡πÇ‡∏ó‡∏£‡∏®‡∏±‡∏û‡∏ó‡πå‡πÄ‡∏•‡πà‡∏ô‡πÄ‡∏Å‡∏° „Äê‡∏Ç‡∏≠‡∏á‡πÅ‡∏ó‡πâ100%„Äë,‡∏ø829.00
Lazada,smartphone,‡πÇ‡∏ó‡∏£‡∏®‡∏±‡∏û‡∏ó‡πå‡∏°‡∏∑‡∏≠‡∏ñ‡∏∑‡∏≠ OPPQ A78 5G 6.7‡∏ô‡∏¥‡πâ‡∏ß 16+512GB ‡∏£‡∏≠‡∏á‡∏£‡∏±‡∏ö2‡∏ã‡∏¥‡∏° Smartphone 24MP+48MP ‡πÇ‡∏ó‡∏£‡∏®‡∏±‡∏û‡∏ó‡πå‡∏ñ‡∏π‡∏Å‡πÜ 6800mAh Android13 ‡∏£‡∏≠‡∏á‡∏£‡∏±‡∏ö‡πÅ‡∏≠‡∏õ‡∏ò‡∏ô‡∏≤‡∏Ñ‡∏≤‡∏£‡∏ö‡∏ô‡∏°‡∏∑‡∏≠‡∏ñ‡∏∑‡∏≠ Mobile phone,‡∏ø899.00
Lazada,smartphone,‡∏°‡∏∑‡∏≠‡∏ñ‡∏∑‡∏≠ smart 3.5 Touch,"‡∏ø1,000.00"
Lazada,smartphone,HONOR Magic V3 (12+512GB) ‡πÇ‡∏ó‡∏£‡∏®‡∏±‡∏û‡∏ó‡πå‡∏°‡∏∑‡∏≠‡∏ñ‡∏∑‡∏≠ ‡∏´‡∏ô‡πâ‡∏≤‡∏à‡∏≠ 7.92 OLED | Snapdragon 8 Gen 3 | ‡∏Å‡∏•‡πâ‡∏≠‡∏á AI Falcon 50MP | ‡πÅ‡∏ö‡∏ï‡πÄ‡∏ï‡∏≠‡∏£‡∏µ‡πà 5150 mAh | ‡∏õ‡∏£‡∏∞‡∏Å‡∏±‡∏ô‡∏®‡∏π‡∏ô‡∏¢‡πå‡πÑ‡∏ó‡∏¢ 12 ‡πÄ‡∏î‡∏∑‡∏≠‡∏ô,"‡∏ø52,990.00"
Lazada,smartphone,„Äê‡∏£‡∏±‡∏ö‡∏õ‡∏£‡∏∞‡∏Å‡∏±‡∏ô 1 ‡∏õ‡∏µ„Äë‡∏Ç‡∏≠‡∏á‡πÅ‡∏ó‡πâ100% Hau wei MATE 60 5G 7.5‡∏ô‡∏¥‡πâ‡∏ß ‡πÇ‡∏ó‡∏£‡∏®‡∏±‡∏û‡∏ó‡πå‡∏°‡∏∑‡∏≠‡∏ñ‡∏∑‡∏≠ ‡πÅ‡∏£‡∏°16GB ‡∏£‡∏≠‡∏°512GB Smartphone Android12.0 ‡∏£‡∏≠‡∏á‡∏£‡∏±‡∏ö2‡∏ã‡∏¥‡∏° ‡πÇ‡∏ó‡∏£‡∏®‡∏±‡∏û‡∏ó‡πå‡∏™‡∏°‡∏≤ 7800mAh ‡πÇ‡∏ó‡∏£‡∏®‡∏±‡∏û‡∏ó‡πå Mobile phone Facebook ‡∏à‡∏±‡∏î‡∏™‡πà‡∏á‡∏ü‡∏£‡∏µ ‡πÄ‡∏°‡∏ô‡∏π‡∏†‡∏≤‡∏©‡∏≤‡πÑ‡∏ó‡∏¢ ‡∏£‡∏±‡∏ö‡∏õ‡∏£‡∏∞‡∏Å‡∏±‡∏ô1‡∏õ‡∏µ ‡πÇ‡∏ó‡∏£‡∏®‡∏±‡∏û‡∏ó‡πå‡∏°‡∏∑‡∏≠‡∏ñ‡∏∑‡∏≠ ‡πÇ‡∏ó‡∏£‡∏®‡∏±‡∏û‡∏ó‡πå‡πÄ‡∏•‡πà‡∏ô‡πÄ‡∏Å‡∏° ‡∏°‡∏∑‡∏≠‡∏ñ‡∏∑‡∏≠ ‡πÇ‡∏ó‡∏£‡∏®‡∏±‡∏û‡∏ó‡πå,"‡∏ø1,488.00"
Lazada,smartphone,"NOTHING Phone (3) (RAM 16GB, 512GB)","‡∏ø30,999.00"
Lazada,smartphone,iPhone 16,"‡∏ø24,999.00"
Lazada,smartphone,Unihertz Jelly Star ‡∏™‡∏°‡∏≤‡∏£‡πå‡∏ó‡πÇ‡∏ü‡∏ô‡πÅ‡∏≠‡∏ô‡∏î‡∏£‡∏≠‡∏¢‡∏î‡πå13‡∏ó‡∏∏‡∏Å‡∏£‡∏∏‡πà‡∏ô4G ‡∏û‡∏£‡πâ‡∏≠‡∏°8GB + 256GB ‡∏ö‡∏•‡∏π‡∏ó‡∏π‡∏ò‡∏ã‡∏¥‡∏°‡∏ô‡∏≤‡πÇ‡∏ô‡∏Ñ‡∏π‡πà5.3 48MP ‡∏Å‡∏•‡πâ‡∏≠‡∏á‡∏´‡∏•‡∏±‡∏Å OTG,"‡∏ø8,200.00"
Lazada,smartphone,"‡∏™‡∏°‡∏≤‡∏£‡πå‡∏ó‡πÇ‡∏ü‡∏ô Y50,Ram8GB+Rom128GB,‡∏Ç‡∏≠‡∏á‡πÅ‡∏ó‡πâ 100%,‡∏°‡∏∑‡∏≠ 1,‡∏£‡∏±‡∏ö‡∏õ‡∏£‡∏∞‡∏Å‡∏±‡∏ô1‡∏õ‡∏µ, ‡πÅ‡∏ñ‡∏°‡πÄ‡∏Ñ‡∏™‡πÉ‡∏™,‡πÉ‡∏ä‡πâ‡πÅ‡∏≠‡∏û‡∏ò‡∏ô‡∏≤‡∏Ñ‡∏≤‡∏£‡πÑ‡∏î‡πâ","‡∏ø2,198.00"
Lazada,smartphone,‡∏°‡∏∑‡∏≠‡∏ñ‡∏∑‡∏≠ ‡∏£‡∏∏‡πà‡∏ôsmart 5Pro ‡∏´‡∏ô‡πâ‡∏≤‡∏à‡∏≠6.5‡∏ô‡∏¥‡πâ‡∏ß ‡πÅ‡∏ö‡∏ï6000mAh ‡πÅ‡∏≠‡∏ô‡∏î‡∏£‡∏≠‡∏¢‡∏î‡πå11 ‡πÅ‡∏£‡∏°2‡∏£‡∏≠‡∏°32,‡∏ø959.00
Lazada,smartphone,"„Äê‡∏™‡∏¥‡∏ô‡∏Ñ‡πâ‡∏≤‡∏û‡∏£‡πâ‡∏≠‡∏°‡∏™‡πà‡∏á„Äë‡∏°‡∏∑‡∏≠‡∏ñ‡∏∑‡∏≠ A31 ‡∏™‡∏°‡∏≤‡∏£‡πå‡∏ó‡πÇ‡∏ü‡∏ô‡πÅ‡∏ó‡πâ 100% Ram 8GB Rom 256GB ‡πÄ‡∏Ñ‡∏£‡∏∑‡πà‡∏≠‡∏á‡πÉ‡∏´‡∏°‡πà‡πÅ‡∏ó‡πâ 100% ‡∏´‡∏ô‡πâ‡∏≤‡∏à‡∏≠‡πÉ‡∏´‡∏ç‡πà 6.5‡∏ô‡∏¥‡πâ‡∏ß (‡∏£‡∏±‡∏ö‡∏õ‡∏£‡∏∞‡∏Å‡∏±‡∏ô 1 ‡∏õ‡∏µ, ‡∏≠‡∏∏‡∏õ‡∏Å‡∏£‡∏ì‡πå‡πÄ‡∏™‡∏£‡∏¥‡∏°‡∏Ñ‡∏£‡∏ö‡∏ä‡∏∏‡∏î‡∏ü‡∏£‡∏µ)","‡∏ø1,399.00"
Lazada,smartphone,„Äê‡∏£‡∏±‡∏ö‡∏õ‡∏£‡∏∞‡∏Å‡∏±‡∏ô1‡∏õ‡∏µ„Äë2025 ‡πÉ‡∏´‡∏° Sansumg A06 ‡∏™‡∏°‡∏≤‡∏£‡πå‡∏ó‡πÇ‡∏ü‡∏ô 7.5‡∏ô‡∏¥‡πâ‡∏ß 5G ‡πÄ‡∏ï‡πá‡∏°‡∏à‡∏≠ 16GB+1TB ‡∏£‡∏≠‡∏á‡∏£‡∏±‡∏ö2‡∏ã‡∏¥‡∏° Smartphone ‡∏°‡∏∑‡∏≠‡∏ñ‡∏∑‡∏≠‡∏£‡∏≤‡∏Ñ‡∏≤‡∏ñ‡∏π‡∏Å Mobile 6800mAh ‡πÇ‡∏ó‡∏£‡∏®‡∏±‡∏û‡∏ó‡πå‡∏°‡∏∑‡∏≠‡∏ñ‡∏∑‡∏≠ ‡πÇ‡∏ó‡∏£‡∏®‡∏±‡∏û‡∏ó‡πå‡πÄ‡∏•‡πà‡∏ô‡πÄ‡∏Å‡∏°‡∏•‡∏∑‡πà‡∏ô Android12.0 ‡∏°‡∏∑‡∏≠‡∏ñ‡∏∑‡∏≠‡∏£‡∏≤‡∏Ñ‡∏≤‡∏ñ‡∏π‡∏Å ‡∏Å‡∏≤‡∏£‡∏Å‡∏ß‡∏≤‡∏î‡∏•‡πâ‡∏≤‡∏á ‡πÇ‡∏ó‡∏£‡∏®‡∏±‡∏û‡∏ó‡πå‡πÄ‡∏•‡πà‡∏ô‡πÄ‡∏Å‡∏°‡∏£‡∏≤‡∏Ñ‡∏≤‡∏ñ‡∏π‡∏Å ‡∏™‡πà‡∏á‡∏ü‡∏£‡∏µ A05 A16 ‡∏°‡∏∑‡∏≠‡∏ñ‡∏∑‡∏≠,"‡∏ø1,688.00"
Lazada,smartphone,iPhone 16 Plus,"‡∏ø28,990.00"
Lazada,smartphone,iPhone 14,"‡∏ø16,590.00"
Lazada,smartphone,„Äê‡πÉ‡∏´‡∏°‡πà‡πÄ‡∏≠‡∏µ‡πà‡∏¢‡∏° 100% „Äë‡πÇ‡∏ó‡∏£‡∏®‡∏±‡∏û‡∏ó‡πå‡∏°‡∏∑‡∏≠‡∏ñ‡∏∑‡∏≠ Xlao m1 K60 ‡∏´‡∏ô‡πâ‡∏≤‡∏à‡∏≠7.5‡∏ô‡∏¥‡πâ‡∏ß Smartphone 4G/5G 16GB+512GB 24+58MP ‡πÇ‡∏ó‡∏£‡∏®‡∏±‡∏û‡∏ó‡πå‡∏ö‡∏≤‡∏á‡πÜ ‡∏£‡∏≤‡∏Ñ‡∏≤‡∏ñ‡∏π‡∏Å ‡πÉ‡∏ä‡πâ‡∏á‡∏≤‡∏ô‡πÑ‡∏î‡πâ‡πÄ‡∏£‡πá‡∏ß ‡πÄ‡∏£‡∏µ‡∏¢‡∏ô‡∏£‡∏π‡πâ ‡∏≠‡∏¥‡∏ô‡πÄ‡∏ó‡∏≠‡∏£‡πå‡πÄ‡∏ô‡πá‡∏ï ‡πÄ‡∏•‡πà‡∏ô‡πÄ‡∏Å‡∏° ‡∏ü‡∏±‡∏á‡πÄ‡∏û‡∏•‡∏á ‡πÇ‡∏ó‡∏£‡∏®‡∏±‡∏û‡∏ó‡πå‡∏°‡∏∑‡∏≠‡∏ñ‡∏∑‡∏≠ ‡πÅ‡∏ö‡∏ï‡πÄ‡∏ï‡∏≠‡∏£‡∏µ‡πà 7000mAh ‡∏Å‡∏•‡πâ‡∏≠‡∏á HD ‡∏õ‡∏•‡∏î‡∏•‡πá‡∏≠‡∏Ñ‡∏î‡πâ‡∏ß‡∏¢‡πÉ‡∏ö‡∏´‡∏ô‡πâ‡∏≤ ‡∏£‡∏∞‡∏ö‡∏ö‡∏ô‡∏≥‡∏ó‡∏≤‡∏á GPS ‡πÉ‡∏™‡πà‡πÑ‡∏î‡πâ‡∏™‡∏≠‡∏á‡∏ã‡∏¥‡∏°,"‡∏ø1,629.00"
Lazada,smartphone,POCO C75 ‡∏™‡∏°‡∏≤‡∏£‡πå‡∏ó‡πÇ‡∏ü‡∏ô‡∏à‡∏≠‡∏ó‡∏±‡∏ä‡∏™‡∏Å‡∏£‡∏µ‡∏ô 6.88 ‡∏ô‡∏¥‡πâ‡∏ß Rom 256GB+Ram 8GB ‡∏Å‡∏•‡πâ‡∏≠‡∏á Ultra Ai 50MP ‡πÅ‡∏ö‡∏ï‡∏≠‡∏∂‡∏î 5160 mAh,"‡∏ø2,799.00"
Lazada,smartphone,‡∏°‡∏∑‡∏≠‡∏ñ‡∏∑‡∏≠ ‡∏™‡∏°‡∏≤‡∏£‡πå‡∏ó‡πÇ‡∏ü‡∏ô A17 (6+128GBÔºâ‡∏õ‡∏•‡∏î‡∏•‡πá‡∏≠‡∏Å‡∏î‡πâ‡∏ß‡∏¢‡πÉ‡∏ö‡∏´‡∏ô‡πâ‡∏≤*60Hz HD *6.56 ‡∏ô‡∏¥‡πâ‡∏ß*5000mAh*‡∏û‡∏£‡πâ‡∏≠‡∏°‡∏ã‡∏≠‡∏á‡∏õ‡πâ‡∏≠‡∏á‡∏Å‡∏±‡∏ô‡πÅ‡∏•‡∏∞‡∏ü‡∏¥‡∏•‡πå‡∏°*‡∏£‡∏±‡∏ö‡∏õ‡∏£‡∏∞‡∏Å‡∏±‡∏ô 12 ‡πÄ‡∏î‡∏∑‡∏≠‡∏ô,"‡∏ø2,200.00"
Lazada,smartphone,„Äê NEW IN „ÄëXiaomi 15 ‡∏°‡∏∑‡∏≠‡∏ñ‡∏∑‡∏≠‡∏£‡∏∏‡πà‡∏ô‡πÉ‡∏´‡∏°‡πà‡∏•‡πà‡∏≤‡∏™‡∏∏‡∏î ‡∏û‡∏ö‡∏Å‡∏±‡∏ö‡∏î‡∏µ‡πÑ‡∏ã‡∏™‡πå‡πÅ‡∏•‡∏∞‡∏Å‡∏≤‡∏£‡πÉ‡∏ä‡πâ‡∏á‡∏≤‡∏ô‡∏ó‡∏µ‡πà‡∏•‡πâ‡∏≥‡∏Å‡∏ß‡πà‡∏≤‡πÄ‡∏î‡∏¥‡∏° ‡πÄ‡∏£‡πá‡∏ß‡πÜ‡∏ô‡∏µ‡πâ,"‡∏ø29,990.00"
Lazada,smartphone,‡πÇ‡∏ó‡∏£‡∏®‡∏±‡∏û‡∏ó‡πå‡∏°‡∏∑‡∏≠‡∏ñ‡∏∑‡∏≠ S3600i ‡∏°‡∏∑‡∏≠‡∏ñ‡∏∑‡∏≠‡∏ù‡∏≤‡∏û‡∏±‡∏ö ‡πÉ‡∏ä‡πâ‡πÑ‡∏î‡πâ‡∏ó‡∏∏‡∏Å‡πÄ‡∏Ñ‡∏£‡∏∑‡πà‡∏≠‡∏Ç‡πà‡∏≤‡∏¢ AIS TRUE DTAC MY 3G/4G ‡∏à‡∏≠ 2.2 ‡∏ô‡∏¥‡πâ‡∏ß ‡∏£‡∏∏‡πà‡∏ô‡πÉ‡∏´‡∏°‡πà 2023 ‡πÇ‡∏ó‡∏£‡∏®‡∏±‡∏û‡∏ó‡πå‡∏õ‡∏∏‡πà‡∏°‡∏Å‡∏î ‡∏£‡∏≠‡∏á‡∏£‡∏±‡∏ö‡∏†‡∏≤‡∏©‡∏≤‡πÑ‡∏ó‡∏¢ L297,‡∏ø365.00
Lazada,smartphone,SMARTPHONE (‡∏™‡∏°‡∏≤‡∏£‡πå‡∏ó‡πÇ‡∏ü‡∏ô) XIAOMI 15T 5G,"‡∏ø18,430.00"
Lazada,smartphone,Pixel 10 Pro XL Smartphone,"‡∏ø46,190.00"
Lazada,smartphone,Cubot KingKong 8‡πÅ‡∏£‡∏°‡∏™‡∏°‡∏≤‡∏£‡πå‡∏ó‡πÇ‡∏ü‡∏ô‡∏ó‡∏µ‡πà‡πÅ‡∏Ç‡πá‡∏á‡πÅ‡∏£‡∏á6.52‡∏ô‡∏¥‡πâ‡∏ß12GB (6 + 6GB)+ 256GB ‡∏£‡∏≠‡∏°16MP ‡πÇ‡∏ó‡∏£‡∏®‡∏±‡∏û‡∏ó‡πå‡∏°‡∏∑‡∏≠‡∏ñ‡∏∑‡∏≠ + 48MP 10600MAh ‡πÇ‡∏ó‡∏£‡∏®‡∏±‡∏û‡∏ó‡πå‡∏°‡∏∑‡∏≠‡∏ñ‡∏∑‡∏≠ Android 13 NFC,"‡∏ø6,000.00"
Lazada,smartphone,‡πÇ‡∏ó‡∏£‡∏®‡∏±‡∏û‡∏ó‡πå‡∏°‡∏∑‡∏≠‡∏ñ‡∏∑‡∏≠‡∏£‡∏≤‡∏Ñ‡∏≤‡∏ñ‡∏π‡∏Å(‡∏•‡πâ‡∏≤‡∏á‡∏™‡∏ï‡πá‡∏≠‡∏Å) ‡∏™‡∏°‡∏≤‡∏£‡πå‡∏ó‡πÇ‡∏ü‡∏ô mgt ‡∏£‡∏∏‡πà‡∏ô power4 ‡∏£‡∏≠‡∏á‡∏£‡∏±‡∏ö 4G ‡∏´‡∏ô‡πà‡∏ß‡∏¢‡∏Ñ‡∏ß‡∏≤‡∏°‡∏à‡∏≥‡∏à‡∏∏ 32GB android 9.0,"‡∏ø1,290.00"
Lazada,smartphone,HONOR Magic 7 Pro 12/512GB ‡πÇ‡∏ó‡∏£‡∏®‡∏±‡∏û‡∏ó‡πå‡∏°‡∏∑‡∏≠‡∏ñ‡∏∑‡∏≠ ‡πÄ‡∏Ñ‡∏£‡∏∑‡πà‡∏≠‡∏á‡πÉ‡∏´‡∏°‡πà ‡πÄ‡∏Ñ‡∏£‡∏∑‡πà‡∏≠‡∏á‡πÅ‡∏ó‡πâ ‡∏õ‡∏£‡∏∞‡∏Å‡∏±‡∏ô‡∏®‡∏π‡∏ô‡∏¢‡πå‡πÑ‡∏ó‡∏¢ 1 ‡∏õ‡∏µ,"‡∏ø34,050.00"
Lazada,smartphone,„Äê‡∏£‡∏±‡∏ö‡∏õ‡∏£‡∏∞‡∏Å‡∏±‡∏ô 1 ‡∏õ‡∏µ„Äëxiqoml Radml Note 12 pro 7.5‡∏ô‡∏¥‡πâ‡∏ß ‡πÇ‡∏ó‡∏£‡∏®‡∏±‡∏û‡∏ó‡πå‡∏°‡∏∑‡∏≠‡∏ñ‡∏∑‡∏≠ 5G‡∏™‡∏°‡∏≤‡∏£‡πå‡∏ó‡πÇ‡∏ü‡∏ô 16+512GB ‡πÇ‡∏ó‡∏£‡∏®‡∏±‡∏û‡∏ó‡πå‡∏°‡∏∑‡∏≠‡∏ñ‡∏∑‡∏≠‡∏£‡∏∞‡∏î‡∏±‡∏ö‡πÑ‡∏Æ‡πÄ‡∏≠‡∏ô‡∏î‡πå 32+64MP 6800mAh Smartphone Android12.0 4G/5G ‡πÄ‡∏•‡πà‡∏ô‡πÄ‡∏Å‡∏°‡∏£‡∏∞‡∏î‡∏±‡∏ö‡∏°‡∏∑‡∏≠‡∏≠‡∏≤‡∏ä‡∏µ‡∏û‡∏ö‡∏ô‡πÇ‡∏ó‡∏£‡∏®‡∏±‡∏û‡∏ó‡πå‡∏°‡∏∑‡∏≠‡∏ñ‡∏∑‡∏≠‡∏£‡∏∞‡∏î‡∏±‡∏ö‡πÑ‡∏Æ‡πÄ‡∏≠‡∏ô‡∏î‡πå ‡πÇ‡∏ó‡∏£‡∏®‡∏±‡∏û‡∏ó‡πå‡∏™‡∏≥‡∏´ ‡∏£‡∏±‡∏ö‡πÄ‡∏•‡πà‡∏ô‡πÄ‡∏Å‡∏° ‡πÇ‡∏ó‡∏£‡∏®‡∏±‡∏û‡∏ó‡πå ‡∏ñ‡∏π‡∏Å‡πÜ ‡∏î‡∏µ 5G,"‡∏ø1,629.00"
Lazada,smartphone,‡πÇ‡∏ó‡∏£‡∏®‡∏±‡∏û‡∏ó‡πå‡∏°‡∏∑‡∏≠‡∏ñ‡∏∑‡∏≠‡∏™‡∏°‡∏≤‡∏£‡πå‡∏ó‡πÇ‡∏ü‡∏ô KXD A09 ‡πÅ‡∏£‡∏° 3+8GB ‡∏£‡∏≠‡∏° 64GB ‡∏≠‡∏±‡∏ï‡∏£‡∏≤‡∏£‡∏µ‡πÄ‡∏ü‡∏£‡∏ä‡∏™‡∏π‡∏á 90Hz ‡∏™‡πÅ‡∏Å‡∏ô‡πÉ‡∏ö‡∏´‡∏ô‡πâ‡∏≤/‡∏ô‡∏¥‡πâ‡∏ß‡∏°‡∏∑‡∏≠ ‡∏õ‡∏£‡∏∞‡∏Å‡∏±‡∏ô‡∏®‡∏π‡∏ô‡∏¢‡πå‡πÑ‡∏ó‡∏¢ 1 ‡∏õ‡∏µ,"‡∏ø2,190.00"
Lazada,smartphone,‡πÇ‡∏ó‡∏£‡∏®‡∏±‡∏û‡∏ó‡πå‡∏°‡∏∑‡∏≠‡∏ñ‡∏∑‡∏≠ A95 ‡∏´‡∏ô‡πâ‡∏≤‡∏à‡∏≠‡∏Ç‡∏ô‡∏≤‡∏î‡πÉ‡∏´‡∏ç‡πà 7.5‡∏ô‡∏¥‡πâ‡∏ß Smartphone 4G/5G ‡πÅ‡∏£‡∏°12GB ‡∏£‡∏≠‡∏°512GB Smartphone ‡∏£‡∏≠‡∏á‡∏£‡∏±‡∏ö2‡∏ã‡∏¥‡∏° ‡∏£‡∏≠‡∏á‡∏£‡∏±‡∏ö‡πÄ‡∏Å‡∏°‡∏°‡∏∑‡∏≠‡∏ñ‡∏∑‡∏≠ ‡∏ß‡∏¥‡∏î‡∏µ‡πÇ‡∏≠‡∏™‡∏±‡πâ‡∏ô‡∏ö‡∏ô‡∏°‡∏∑‡∏≠‡∏ñ‡∏∑‡∏≠ ‡∏ñ‡∏π‡∏Å‡πÜ ‡∏î‡∏µ ‡∏°‡∏∑‡∏≠‡∏ñ‡∏∑‡∏≠ ‡∏ñ‡∏π‡∏Å‡πÜ ‡πÅ‡∏ó‡πâ ‡πÇ‡∏ó‡∏£‡∏®‡∏±‡∏û‡∏ó‡πå‡∏Ç‡∏≠‡∏á‡πÅ‡∏ó‡πâ,"‡∏ø1,299.00"
Lazada,smartphone,üî•‡∏ï‡∏≠‡∏ô‡∏ô‡∏µ‡πâ‡∏°‡∏µ‡πÇ‡∏õ‡∏£‡πÇ‡∏°‡∏ä‡∏±‡πà‡∏ô‡∏û‡∏¥‡πÄ‡∏®‡∏©‡∏Ñ‡πà‡∏∞ POCO C65 ‡∏™‡∏°‡∏≤‡∏£‡πå‡∏ï‡πÇ‡∏ü‡∏ô 8+256GB ‡∏Å‡∏•‡πâ‡∏≠‡∏á AI 3 ‡∏ï‡∏±‡∏ß 50MP ‡∏£‡∏≠‡∏á‡∏£‡∏±‡∏ö NFC ‡∏´‡∏ô‡πâ‡∏≤‡∏à‡∏≠ 6.74 ‡∏ô‡∏¥‡πâ‡∏ß ‡πÅ‡∏ö‡∏ï‡πÄ‡∏ï‡∏≠‡∏£‡∏µ‡πà 5000mAh ‡∏ó‡∏≥‡∏á‡∏≤‡∏ô‡∏•‡∏∑‡πà‡∏ô‡πÑ‡∏´‡∏•,"‡∏ø2,799.00"
Lazada,smartphone,"Cubot KingKong ES 4G ‡∏™‡∏°‡∏≤‡∏£‡πå‡∏ó‡πÇ‡∏ü‡∏ô‡∏ó‡∏µ‡πà‡πÅ‡∏Ç‡πá‡∏á‡πÅ‡∏£‡∏á‡πÅ‡∏≠‡∏ô‡∏î‡∏£‡∏≠‡∏¢‡∏î‡πå14 6GB + 128GB ‡πÇ‡∏ó‡∏£‡∏®‡∏±‡∏û‡∏ó‡πå‡∏°‡∏∑‡∏≠‡∏ñ‡∏∑‡∏≠48MP 5100MAh 6.56 ""HD + ‡∏£‡∏≤‡∏Ñ‡∏≤‡∏ñ‡∏π‡∏Å‡πÇ‡∏ó‡∏£‡∏®‡∏±‡∏û‡∏ó‡πå‡∏°‡∏∑‡∏≠‡∏ñ‡∏∑‡∏≠‡∏ö‡∏≤‡∏á‡πÄ‡∏â‡∏µ‡∏¢‡∏ö","‡∏ø4,790.00"
Lazada,smartphone,‡πÇ‡∏ó‡∏£‡∏®‡∏±‡∏û‡∏ó‡πå‡∏°‡∏∑‡∏≠‡∏ñ‡∏∑‡∏≠ UMIDIGI A9 Pro (8GB+128GB) ‡∏™‡∏°‡∏≤‡∏£‡πå‡∏ó‡πÇ‡∏ü‡∏ô ‡∏´‡∏ô‡πâ‡∏≤‡∏à‡∏≠‡∏Å‡∏ß‡πâ‡∏≤‡∏á6.3‡∏ô‡∏¥‡πâ‡∏ß FHD+‡πÅ‡∏ö‡∏ï‡πÄ‡∏ï‡∏≠‡∏£‡∏µ‡πà 4150‡∏°‡∏¥‡∏•‡∏•‡∏¥‡πÅ‡∏≠‡∏°‡∏õ‡πå ‡∏Å‡∏•‡πâ‡∏≠‡∏á‡∏´‡∏•‡∏±‡∏á Android 11 Helio P60,"‡∏ø7,490.00"
Lazada,smartphone,"HONOR X5b Plus (4+128GB) ‡πÇ‡∏ó‡∏£‡∏®‡∏±‡∏û‡∏ó‡πå‡∏°‡∏∑‡∏≠‡∏ñ‡∏∑‡∏≠‡∏ñ‡∏∂‡∏Å‡∏ó‡∏ô ‡∏Ñ‡∏°‡∏ä‡∏±‡∏î ‡∏Ñ‡∏∏‡πâ‡∏°‡∏Ñ‡πà‡∏≤ | ‡∏´‡∏ô‡πâ‡∏≤‡∏à‡∏≠ 6.56"" 90Hz | ‡∏Å‡∏•‡πâ‡∏≠‡∏á AI 50MP+5MP | ‡πÅ‡∏ö‡∏ï‡πÄ‡∏ï‡∏≠‡∏£‡∏µ‡πà 5200mAh | ‡∏õ‡∏£‡∏∞‡∏Å‡∏±‡∏ô‡∏®‡∏π‡∏ô‡∏¢‡πå‡πÑ‡∏ó‡∏¢ 12 ‡πÄ‡∏î‡∏∑‡∏≠‡∏ô","‡∏ø2,799.00"
Lazada,iPhone,Apple iPhone 15 I iStudio by SPVi,"‡∏ø20,900.00"
Lazada,iPhone,iPhone 13,"‡∏ø13,990.00"
Lazada,iPhone,iPhone 17,"‡∏ø29,900.00"
Lazada,iPhone,iPhone 15,"‡∏ø19,590.00"
Lazada,iPhone,Apple iPhone 14 I iStudio by SPVi,"‡∏ø17,900.00"
Lazada,iPhone,iPhone 14,"‡∏ø16,590.00"
Lazada,iPhone,Apple iPhone 17 Pro I iStudio by SPVi I,"‡∏ø43,900.00"
Lazada,iPhone,iPhone 16 Pro Max,"‡∏ø45,990.00"
Lazada,iPhone,iPhone 16,"‡∏ø24,999.00"
Lazada,iPhone,iPhone 17 Pro Max,"‡∏ø48,900.00"
Lazada,iPhone,Apple iPhone 16 I iStudio by SPVi,"‡∏ø26,800.00"
Lazada,iPhone,Apple iPhone 13 ‡∏´‡∏ô‡πâ‡∏≤‡∏à‡∏≠ 6.1 ‡∏ô‡∏¥‡πâ‡∏ß iStudio by SPVi,"‡∏ø15,370.00"
Lazada,iPhone,iPhone 16 Plus,"‡∏ø28,990.00"
Lazada,iPhone,iPhone 17 Pro,"‡∏ø43,900.00"
Lazada,iPhone,‡∏Ç‡∏≠‡πÉ‡∏ö‡∏Å‡∏≥‡∏Å‡∏±‡∏ö‡∏ó‡∏±‡∏Å‡πÅ‡∏ä‡∏ó‡πÄ‡∏ó‡πà‡∏≤‡∏ô‡∏±‡πâ‡∏ô Apple iPhone 13 [iStudio by UFicon],"‡∏ø15,900.00"
Lazada,iPhone,Apple iPhone 16e I iStudio by SPVi,"‡∏ø21,900.00"
Lazada,iPhone,‡∏Ç‡∏≠‡πÉ‡∏ö‡∏Å‡∏≥‡∏Å‡∏±‡∏ö‡∏ó‡∏±‡∏Å‡πÅ‡∏ä‡∏ó‡πÄ‡∏ó‡πà‡∏≤‡∏ô‡∏±‡πâ‡∏ô Apple iPhone 15 [iStudio by UFicon],"‡∏ø22,480.00"
Lazada,iPhone,‡∏Ç‡∏≠‡πÉ‡∏ö‡∏Å‡∏≥‡∏Å‡∏±‡∏ö‡∏†‡∏≤‡∏©‡∏µ‡∏ó‡∏±‡∏Å‡πÅ‡∏ä‡∏ó‡πÄ‡∏ó‡πà‡∏≤‡∏ô‡∏±‡πâ‡∏ô Apple iPhone 17 Pro Max [iStudio by UFicon],"‡∏ø80,900.00"
Lazada,iPhone,‡∏Ç‡∏≠‡πÉ‡∏ö‡∏Å‡∏≥‡∏Å‡∏±‡∏ö‡∏†‡∏≤‡∏©‡∏µ‡∏ó‡∏±‡∏Å‡πÅ‡∏ä‡∏ó‡πÄ‡∏ó‡πà‡∏≤‡∏ô‡∏±‡πâ‡∏ô Apple iPhone 17 Pro [iStudio by UFicon],"‡∏ø45,880.00"
Lazada,iPhone,‡∏Ç‡∏≠‡πÉ‡∏ö‡∏Å‡∏≥‡∏Å‡∏±‡∏ö‡∏ó‡∏±‡∏Å‡πÅ‡∏ä‡∏ó‡πÄ‡∏ó‡πà‡∏≤‡∏ô‡∏±‡πâ‡∏ô Apple iPhone 14 [iStudio by UFicon],"‡∏ø17,900.00"
Lazada,iPhone,Apple iPhone 16e by Studio 7 ‡πÉ‡∏´‡∏°‡πà‡∏•‡πà‡∏≤‡∏™‡∏∏‡∏î,"‡∏ø22,900.00"
Lazada,iPhone,‡∏Ç‡∏≠‡πÉ‡∏ö‡∏Å‡∏≥‡∏Å‡∏±‡∏ö‡∏ó‡∏±‡∏Å‡πÅ‡∏ä‡∏ó‡πÄ‡∏ó‡πà‡∏≤‡∏ô‡∏±‡πâ‡∏ô Apple iPhone 16 [iStudio by UFicon],"‡∏ø26,900.00"
Lazada,iPhone,iPhone 15 by Studio 7,"‡∏ø25,900.00"
Lazada,iPhone,Apple iPhone 16 by Studio 7,"‡∏ø26,900.00"
Lazada,iPhone,‡∏Ç‡∏≠‡πÉ‡∏ö‡∏Å‡∏≥‡∏Å‡∏±‡∏ö‡∏†‡∏≤‡∏©‡∏µ‡∏ó‡∏±‡∏Å‡πÅ‡∏ä‡∏ó‡πÄ‡∏ó‡πà‡∏≤‡∏ô‡∏±‡πâ‡∏ô Apple iPhone Air [iStudio by UFicon],"‡∏ø39,900.00"
Lazada,iPhone,‡∏Ç‡∏≠‡πÉ‡∏ö‡∏Å‡∏≥‡∏Å‡∏±‡∏ö‡∏ó‡∏±‡∏Å‡πÅ‡∏ä‡∏ó‡πÄ‡∏ó‡πà‡∏≤‡∏ô‡∏±‡πâ‡∏ô Apple iPhone 16e [iStudio by UFicon],"‡∏ø22,900.00"
Lazada,iPhone,Apple iPhone 16 Plus I iStudio by SPVi,"‡∏ø31,900.00"
Lazada,Android phone,„Äê‡∏£‡∏±‡∏ö‡∏õ‡∏£‡∏∞‡∏Å‡∏±‡∏ô 1‡∏õ‡∏µ„Äë2025‡πÉ‡∏´‡∏°‡πà‡∏Ç‡∏≠‡∏á‡πÅ‡∏ó‡πâ OPP0 Reno12 F 5G 7.5‡∏ô‡∏¥‡πâ‡∏ß ‡πÇ‡∏ó‡∏£‡∏®‡∏±‡∏û‡∏ó‡πå‡∏°‡∏∑‡∏≠‡∏ñ‡∏∑‡∏≠ ‡∏£‡∏≠‡∏á‡∏£‡∏±‡∏ö2‡∏ã‡∏¥‡∏° ‡πÅ‡∏£‡∏°16GB ‡∏£‡∏≠‡∏°1TB Smartphone 4G/5G ‡πÇ‡∏ó‡∏£‡∏®‡∏±‡∏û‡∏ó‡πå‡∏™‡∏°‡∏≤ Android13.0 ‡∏°‡∏∑‡∏≠‡∏ñ‡∏∑‡∏≠ Mobile phone NFC ‡∏°‡∏∑‡∏≠‡∏ñ‡∏∑‡∏≠‡∏£‡∏≤‡∏Ñ‡∏≤‡∏ñ‡∏π‡∏Å‡πÜ ‡∏™‡πà‡∏á‡∏ü‡∏£‡∏µ ‡πÇ‡∏ó‡∏£‡∏®‡∏±‡∏û‡∏ó‡πå‡∏ñ‡∏π‡∏Å‡πÜ ‡πÇ‡∏ó‡∏£‡∏®‡∏±‡∏û‡∏ó‡πå‡∏™‡∏≥‡∏´ ‡∏£‡∏±‡∏ö‡πÄ‡∏•‡πà‡∏ô‡πÄ‡∏Å‡∏° ‡πÇ‡∏ó‡∏£‡∏™‡∏±‡∏ö‡∏£‡∏≤‡∏Ñ‡∏≤‡∏ñ‡∏π‡∏Å Reno10 Pro 5G ‡πÇ‡∏ó‡∏£‡∏®‡∏±‡∏û‡∏ó‡πå,"‡∏ø1,688.00"
Lazada,Android phone,‡πÇ‡∏ó‡∏£‡∏®‡∏±‡∏û‡∏ó‡πå‡∏°‡∏∑‡∏≠‡∏ñ‡∏∑‡∏≠ Infinx HOT40 ‡∏™‡∏°‡∏≤‡∏£‡πå‡∏ó‡πÇ‡∏ü‡∏ô 5G ‡πÄ‡∏Ñ‡∏£‡∏∑‡πà‡∏≠‡∏á‡πÉ‡∏´‡∏°‡πà 7.5‡∏ô‡∏¥‡πâ‡∏ß HD+‡∏£‡∏≠‡∏á‡∏£‡∏±‡∏ö2‡∏ã‡∏¥‡∏° Smartphone 4G/5G 16GB+‡∏£‡∏≠‡∏°1TB ‡πÇ‡∏ó‡∏£‡∏®‡∏±‡∏û‡∏ó‡πå‡∏ñ‡∏π‡∏Å‡πÜ Android13.0 ‡πÇ‡∏ó‡∏£‡∏®‡∏±‡∏û‡∏ó‡πå‡∏™‡∏≥‡∏´‡∏£‡∏±‡∏ö‡πÄ‡∏•‡πà‡∏ô‡πÄ‡∏Å‡∏°,"‡∏ø1,088.00"
Lazada,Android phone,‡∏™‡∏°‡∏≤‡∏£‡πå‡∏ó‡πÇ‡∏ü‡∏ô Reno10 Pro plus ‡πÄ‡∏Ñ‡∏£‡∏∑‡πà‡∏≠‡∏á‡πÉ‡∏´‡∏°‡πà 5G ‡πÇ‡∏ó‡∏£‡∏®‡∏±‡∏û‡∏ó‡πå‡∏°‡∏∑‡∏≠‡∏ñ‡∏∑‡∏≠ 7.5‡∏ô‡∏¥‡πâ‡∏ß HD+‡∏£‡∏≠‡∏á‡∏£‡∏±‡∏ö2‡∏ã‡∏¥‡∏° Smartphone 4G/5G ‡πÇ‡∏ó‡∏£‡∏®‡∏±‡∏û‡∏ó‡πå‡∏™‡∏°‡∏≤‡πÅ‡∏£‡∏°16GB ‡∏£‡∏≠‡∏°512GB Android13.0 ‡∏°‡∏∑‡∏≠‡∏ñ‡∏∑‡∏≠ Mobilephone,‡∏ø979.00
Lazada,Android phone,„Äê‡∏£‡∏±‡∏ö‡∏õ‡∏£‡∏∞‡∏Å‡∏±‡∏ô1‡∏õ‡∏µ„Äë‡∏Ç‡∏≠‡∏á‡πÅ‡∏ó‡πâ ‡∏°‡∏∑‡∏≠‡∏ñ‡∏∑‡∏≠ VIV0 V25 5G 7.1‡∏ô‡∏¥‡πâ‡∏ß ‡πÇ‡∏ó‡∏£‡∏®‡∏±‡∏û‡∏ó‡πå‡∏°‡∏∑‡∏≠‡∏ñ‡∏∑‡∏≠ ‡∏£‡∏≠‡∏á‡∏£‡∏±‡∏ö2‡∏ã‡∏¥‡∏° ‡πÅ‡∏£‡∏°16GB ‡∏£‡∏≠‡∏°512GB Smartphone 4G/5G ‡πÇ‡∏ó‡∏£‡∏®‡∏±‡∏û‡∏ó‡πå‡∏™‡∏≥‡∏´ ‡∏£‡∏±‡∏ö‡πÄ‡∏•‡πà‡∏ô‡πÄ‡∏Å‡∏° ‡πÇ‡∏ó‡∏£‡∏™‡∏±‡∏ö‡∏£‡∏≤‡∏Ñ‡∏≤‡∏ñ‡∏π‡∏Å ‡πÇ‡∏ó‡∏£‡∏®‡∏±‡∏û‡∏ó‡πå ‡∏ñ‡∏π‡∏Å‡πÜ‡∏î‡∏µ ‡πÇ‡∏ó‡∏£‡∏®‡∏±‡∏û‡∏ó‡πå‡∏™‡∏°‡∏≤ ‡πÇ‡∏ó‡∏£‡∏®‡∏±‡∏û‡∏ó‡πå‡∏ñ‡∏π‡∏Å‡πÜ Android11.0 ‡∏°‡∏∑‡∏≠‡∏ñ‡∏∑‡∏≠ Mobilephone ‡∏™‡πà‡∏á‡∏ü‡∏£‡∏µ ‡πÇ‡∏ó‡∏£‡∏®‡∏±‡∏û‡∏ó‡πå‡∏°‡∏∑‡∏≠‡∏ñ‡∏∑‡∏≠‡∏Ç‡∏≠‡∏á‡πÅ‡∏ó‡πâ V29 5G NFC,"‡∏ø1,428.00"
Lazada,Android phone,‡∏™‡∏°‡∏≤‡∏£‡πå‡∏ó‡πÇ‡∏ü‡∏ô OPPQ A17 Smartphone 4G/5G ‡πÇ‡∏ó‡∏£‡∏®‡∏±‡∏û‡∏ó‡πå‡∏°‡∏∑‡∏≠‡∏ñ‡∏∑‡∏≠ 6.7inch+HD 16GB+512GB ‡πÇ‡∏ó‡∏£‡∏®‡∏±‡∏û‡∏ó‡πå Android Smartphone ‡πÇ‡∏ó‡∏£‡∏®‡∏±‡∏û‡∏ó‡πå‡∏°‡∏∑‡∏≠‡∏ñ‡∏∑‡∏≠ ‡∏™‡∏°‡∏≤‡∏£‡πå‡∏ó‡πÇ‡∏ü‡∏ô 5G ‡∏°‡∏∑‡∏≠‡∏ñ‡∏∑‡∏≠ ‡πÄ‡∏°‡∏ô‡∏π‡∏†‡∏≤‡∏©‡∏≤‡πÑ‡∏ó‡∏¢ 6800mAh ‡πÇ‡∏ó‡∏£‡∏®‡∏±‡∏û‡∏ó‡πå‡∏ñ‡∏π‡∏Å‡πÜ Android13.0 ‡πÇ‡∏ó‡∏£‡∏®‡∏±‡∏û‡∏ó‡πå‡∏°‡∏∑‡∏≠‡∏ñ‡∏∑‡∏≠‡∏£‡∏≤‡∏Ñ‡∏≤‡∏ñ‡∏π‡∏Å A96,‡∏ø949.00
Lazada,Android phone,„Äê‡∏£‡∏±‡∏ö‡∏õ‡∏£‡∏∞‡∏Å‡∏±‡∏ô1‡∏õ‡∏µ„Äë‡∏Ç‡∏≠‡∏á‡πÅ‡∏ó‡πâ100% Sansumg S24 Ultra ‡∏™‡∏°‡∏≤‡∏£‡πå‡∏ó‡πÇ‡∏ü‡∏ô 7.5‡∏ô‡∏¥‡πâ‡∏ß 5G ‡πÄ‡∏ï‡πá‡∏°‡∏à‡∏≠ 16GB+1TB ‡∏£‡∏≠‡∏á‡∏£‡∏±‡∏ö2‡∏ã‡∏¥‡∏° Smartphone 6800mAh ‡∏°‡∏∑‡∏≠‡∏ñ‡∏∑‡∏≠‡∏£‡∏≤‡∏Ñ‡∏≤‡∏ñ‡∏π‡∏Å Mobile Android12.0 ‡πÇ‡∏ó‡∏£‡∏®‡∏±‡∏û‡∏ó‡πå‡∏°‡∏∑‡∏≠‡∏ñ‡∏∑‡∏≠ ‡πÇ‡∏ó‡∏£‡∏®‡∏±‡∏û‡∏ó‡πå‡πÄ‡∏•‡πà‡∏ô‡πÄ‡∏Å‡∏°‡∏•‡∏∑‡πà‡∏ô ‡∏°‡∏∑‡∏≠‡∏ñ‡∏∑‡∏≠‡∏£‡∏≤‡∏Ñ‡∏≤‡∏ñ‡∏π‡∏Å ‡πÇ‡∏ó‡∏£‡∏®‡∏±‡∏û‡∏ó‡πå‡πÄ‡∏•‡πà‡∏ô‡πÄ‡∏Å‡∏°‡∏£‡∏≤‡∏Ñ‡∏≤‡∏ñ‡∏π‡∏Å ‡∏™‡πà‡∏á‡∏ü‡∏£‡∏µ S22 Ultra S23 Ultra ‡∏°‡∏∑‡∏≠‡∏ñ‡∏∑‡∏≠,"‡∏ø1,688.00"
Lazada,Android phone,XS15‡∏™‡∏°‡∏≤‡∏£‡πå‡∏ó‡πÇ‡∏ü‡∏ô‡πÅ‡∏≠‡∏ô‡∏î‡∏£‡∏≠‡∏¢‡∏î‡πå8.1‡∏Ç‡∏ô‡∏≤‡∏î3.0‡∏ô‡∏¥‡πâ‡∏ß‡∏´‡∏ô‡πâ‡∏≤‡∏à‡∏≠2GB RAM 16GB ROM Dual SIM Standby Play Store 3G ‡πÇ‡∏ó‡∏£‡∏®‡∏±‡∏û‡∏ó‡πå‡πÄ‡∏Ñ‡∏£‡∏∑‡∏≠‡∏Ç‡πà‡∏≤‡∏¢‡∏Ç‡∏ô‡∏≤‡∏î‡πÄ‡∏•‡πá‡∏Å,‡∏ø779.00
Lazada,Android phone,„Äê‡∏£‡∏±‡∏ö‡∏õ‡∏£‡∏∞‡∏Å‡∏±‡∏ô 1‡∏õ‡∏µ„Äë‡∏Ç‡∏≠‡∏á‡πÅ‡∏ó‡πâ100% OPP0 A96 5G 7.1‡∏ô‡∏¥‡πâ‡∏ß ‡πÇ‡∏ó‡∏£‡∏®‡∏±‡∏û‡∏ó‡πå‡∏°‡∏∑‡∏≠‡∏ñ‡∏∑‡∏≠ ‡∏£‡∏≠‡∏á‡∏£‡∏±‡∏ö2‡∏ã‡∏¥‡∏° Smartphone 4G/5G ‡πÇ‡∏ó‡∏£‡∏®‡∏±‡∏û‡∏ó‡πå‡∏™‡∏°‡∏≤ ‡πÅ‡∏£‡∏°16GB ‡∏£‡∏≠‡∏°512GB ‡πÇ‡∏ó‡∏£‡∏®‡∏±‡∏û‡∏ó‡πå‡∏ñ‡∏π‡∏Å‡πÜ Android11.0 ‡πÇ‡∏ó‡∏£‡∏®‡∏±‡∏û‡∏ó‡πå Mobile phone ‡∏™‡πà‡∏á‡∏ü‡∏£‡∏µ ‡πÇ‡∏ó‡∏£‡∏®‡∏±‡∏û‡∏ó‡πå‡∏£‡∏≤‡∏Ñ‡∏≤‡∏ñ‡∏π‡∏Å‡πÜ ‡∏£‡∏±‡∏ö‡πÄ‡∏•‡πà‡∏ô‡πÄ‡∏Å‡∏° ‡πÇ‡∏ó‡∏£‡∏®‡∏±‡∏û‡∏ó‡πå‡∏°‡∏∑‡∏≠‡∏ñ‡∏∑‡∏≠‡∏Ç‡∏≠‡∏á‡πÅ‡∏ó‡πâ ‡πÇ‡∏ó‡∏£‡∏®‡∏±‡∏û‡∏ó‡πå ‡∏ñ‡∏π‡∏Å‡πÜ ‡∏î‡∏µ A58 5G ‡∏°‡∏∑‡∏≠‡∏ñ‡∏∑‡∏≠,"‡∏ø1,428.00"
Lazada,Android phone,infinixnote 30 smartphone ‡∏ï‡πâ‡∏ô‡∏â‡∏ö‡∏±‡∏ö 2023 Android ‡πÇ‡∏ó‡∏£‡∏®‡∏±‡∏û‡∏ó‡πå‡∏°‡∏∑‡∏≠‡∏ñ‡∏∑‡∏≠ 8 GB + 512 GBheliog 99 ‡πÇ‡∏õ‡∏£‡πÄ‡∏ã‡∏™‡πÄ‡∏ã‡∏≠‡∏£‡πå 5000 mAHcod,"‡∏ø1,199.00"
Lazada,Android phone,„Äê‡∏£‡∏±‡∏ö‡∏õ‡∏£‡∏∞‡∏Å‡∏±‡∏ô1‡∏õ‡∏µ„Äë‡∏Ç‡∏≠‡∏á‡πÅ‡∏ó‡πâ ‡∏°‡∏∑‡∏≠‡∏ñ‡∏∑‡∏≠ VIV0 Y100 5G 7.1‡∏ô‡∏¥‡πâ‡∏ß ‡πÇ‡∏ó‡∏£‡∏®‡∏±‡∏û‡∏ó‡πå‡∏°‡∏∑‡∏≠‡∏ñ‡∏∑‡∏≠ ‡∏£‡∏≠‡∏á‡∏£‡∏±‡∏ö2‡∏ã‡∏¥‡∏° Smartphone 4G/5G ‡πÇ‡∏ó‡∏£‡∏®‡∏±‡∏û‡∏ó‡πå‡∏™‡∏°‡∏≤ ‡πÅ‡∏£‡∏°16GB ‡∏£‡∏≠‡∏°512GB ‡πÇ‡∏ó‡∏£‡∏®‡∏±‡∏û‡∏ó‡πå‡∏ñ‡∏π‡∏Å‡πÜ Android11.0 ‡∏°‡∏∑‡∏≠‡∏ñ‡∏∑‡∏≠ Mobile phone ‡∏™‡πà‡∏á‡∏ü‡∏£‡∏µ ‡πÇ‡∏ó‡∏£‡∏®‡∏±‡∏û‡∏ó‡πå‡∏°‡∏∑‡∏≠‡∏ñ‡∏∑‡∏≠‡∏Ç‡∏≠‡∏á‡πÅ‡∏ó‡πâ ‡πÇ‡∏ó‡∏£‡∏®‡∏±‡∏û‡∏ó‡πå‡∏™‡∏≥‡∏´ ‡∏£‡∏±‡∏ö‡πÄ‡∏•‡πà‡∏ô‡πÄ‡∏Å‡∏° ‡πÇ‡∏ó‡∏£‡∏™‡∏±‡∏ö‡∏£‡∏≤‡∏Ñ‡∏≤‡∏ñ‡∏π‡∏Å V25 5G ‡πÇ‡∏ó‡∏£‡∏®‡∏±‡∏û‡∏ó‡πå ‡∏ñ‡∏π‡∏Å‡πÜ ‡∏î‡∏µ,"‡∏ø1,428.00"
Lazada,Android phone,„Äê‡∏Ç‡∏≠‡∏á‡πÅ‡∏ó‡πâ100%„Äë‡πÉ‡∏´‡∏°‡πà ‡πÇ‡∏ó‡∏£‡∏®‡∏±‡∏û‡∏ó‡πå‡∏°‡∏∑‡∏≠‡∏ñ‡∏∑‡∏≠ VIV0 Y21 5G Phantoms ‡∏°‡∏∑‡∏≠‡∏ñ‡∏∑‡∏≠ 7.5‚Äú HD+ ‡∏£‡∏≠‡∏á‡∏£‡∏±‡∏ö2‡∏ã‡∏¥‡∏° Smartphone 4G/5G ‡πÅ‡∏£‡∏°16GB ‡∏£‡∏≠‡∏°1TB ‡πÇ‡∏ó‡∏£‡∏®‡∏±‡∏û‡∏ó‡πå‡∏ñ‡∏π‡∏Å‡πÜ Android 12.0 Mobile phone V29 ‡∏°‡∏∑‡∏≠‡∏ñ‡∏∑‡∏≠ ‡πÇ‡∏ó‡∏£‡∏®‡∏±‡∏û‡∏ó‡πå ‡∏ñ‡∏π‡∏Å‡πÜ ‡∏î‡∏µ ‡∏°‡∏∑‡∏≠‡∏ñ‡∏∑‡∏≠‡∏£‡∏≤‡∏Ñ‡∏≤‡∏ñ‡∏π‡∏Å‡πÜ ‡πÇ‡∏ó‡∏£‡∏®‡∏±‡∏û‡∏ó‡πå‡∏™‡∏≥‡∏´ ‡∏£‡∏±‡∏ö‡πÄ‡∏•‡πà‡∏ô‡πÄ‡∏Å‡∏° ‡πÇ‡∏ó‡∏£‡∏™‡∏±‡∏ö‡∏£‡∏≤‡∏Ñ‡∏≤‡∏ñ‡∏π‡∏Å ‡∏™‡πà‡∏á‡∏ü‡∏£‡∏µ Y18 5G ‡πÇ‡∏ó‡∏£‡∏®‡∏±‡∏û‡∏ó‡πå,"‡∏ø1,588.00"
Lazada,Android phone,OPPO A3 Pro 5G [6/128GB] ‡πÄ‡∏Ñ‡∏£‡∏∑‡πà‡∏≠‡∏á‡πÉ‡∏´‡∏°‡πà‡∏®‡∏π‡∏ô‡∏¢‡πå‡πÑ‡∏ó‡∏¢ ‡πÄ‡∏Ñ‡∏•‡∏µ‡∏¢‡∏£‡πå‡∏™‡∏ï‡πä‡∏≠‡∏Å ‡∏•‡∏î‡∏£‡∏≤‡∏Ñ‡∏≤ ‡∏Ç‡∏≠‡∏á‡πÅ‡∏ó‡πâ100%,"‡∏ø4,950.00"
Lazada,Android phone,„Äê‡∏Ç‡∏≠‡∏á‡πÅ‡∏ó‡πâ100%„Äë2024 ‡πÉ‡∏´‡∏°‡πà Sansumg A35 ‡∏™‡∏°‡∏≤‡∏£‡πå‡∏ó‡πÇ‡∏ü‡∏ô 7.5‡∏ô‡∏¥‡πâ‡∏ß 5G ‡πÄ‡∏ï‡πá‡∏°‡∏à‡∏≠ 16GB+1TB ‡∏£‡∏≠‡∏á‡∏£‡∏±‡∏ö2‡∏ã‡∏¥‡∏° Smartphone 32MP+64MP ‡∏°‡∏∑‡∏≠‡∏ñ‡∏∑‡∏≠‡∏£‡∏≤‡∏Ñ‡∏≤‡∏ñ‡∏π‡∏Å Mobile Android12.0 ‡πÇ‡∏ó‡∏£‡∏®‡∏±‡∏û‡∏ó‡πå‡∏°‡∏∑‡∏≠‡∏ñ‡∏∑‡∏≠ ‡πÇ‡∏ó‡∏£‡∏®‡∏±‡∏û‡∏ó‡πå‡πÄ‡∏•‡πà‡∏ô‡πÄ‡∏Å‡∏°‡∏•‡∏∑‡πà‡∏ô ‡∏°‡∏∑‡∏≠‡∏ñ‡∏∑‡∏≠‡∏£‡∏≤‡∏Ñ‡∏≤‡∏ñ‡∏π‡∏Å ‡∏Å‡∏≤‡∏£‡∏Å‡∏ß‡∏≤‡∏î‡∏•‡πâ‡∏≤‡∏á ‡πÇ‡∏ó‡∏£‡∏®‡∏±‡∏û‡∏ó‡πå‡πÄ‡∏•‡πà‡∏ô‡πÄ‡∏Å‡∏°‡∏£‡∏≤‡∏Ñ‡∏≤‡∏ñ‡∏π‡∏Å ‡∏™‡πà‡∏á‡∏ü‡∏£‡∏µ A55 A15 ‡∏°‡∏∑‡∏≠‡∏ñ‡∏∑‡∏≠ ‡∏£‡∏±‡∏ö‡∏õ‡∏£‡∏∞‡∏Å‡∏±‡∏ô1‡∏õ‡∏µ,"‡∏ø1,588.00"
Lazada,Android phone,‡πÇ‡∏ó‡∏£‡∏®‡∏±‡∏û‡∏ó‡πå‡∏£‡∏≤‡∏Ñ‡∏ñ‡∏π‡∏Å Samsang Galaxy M22 12GB + 512GB ‡πÇ‡∏ó‡∏£‡∏Ñ‡∏±‡∏û‡∏ó‡πå‡∏°‡∏∑‡∏≠‡∏ñ‡∏∑‡∏≠5G ‡πÇ‡∏ó‡∏£‡∏®‡∏±‡∏û‡∏ó‡πå‡∏°‡∏∑‡∏≠‡∏ñ‡∏∑‡∏≠ ‡πÇ‡∏ó‡∏£‡∏®‡∏±‡∏û‡∏ó‡πå ‡πÇ‡∏õ‡∏£‡πÇ‡∏°‡∏ä‡∏±‡πà‡∏ô‡πÉ‡∏´‡∏ç‡πà ‡∏™‡∏°‡∏≤‡∏£‡πå‡∏ó‡πÇ‡∏ü‡∏ô‡∏£‡∏≤‡∏Ñ‡∏≤‡∏ñ‡∏π‡∏Å 2021 ROM 6.53 ‡∏ô‡∏¥‡πâ‡∏ß 6800mah ‡∏£‡∏≠‡∏á‡∏£‡∏±‡∏ö‡∏ó‡∏∏‡∏Å‡∏ã‡∏¥‡∏°‡∏Å‡∏≤‡∏£‡πå‡∏î‡πÉ‡∏ô‡πÑ‡∏ó‡∏¢ ‡πÉ‡∏ä‡πâ‡πÅ‡∏≠‡∏õ‡∏û‡∏•‡∏¥‡πÄ‡∏Ñ‡∏ä‡∏±‡∏ô‡∏ò‡∏ô‡∏≤‡∏Ñ‡∏≤‡∏£‡πÑ‡∏î‡πâÔºå‡∏™‡∏≤‡∏°‡∏≤‡∏£‡∏ñ‡∏î‡∏≤‡∏ß‡∏ô‡πå‡πÇ‡∏´‡∏•‡∏î‡πÑ‡∏î‡πâlineÔºå‡∏£‡∏≠‡∏á‡∏£‡∏±‡∏ö‡πÄ‡∏Å‡∏°‡∏°‡∏∑‡∏≠‡∏ñ‡∏∑‡∏≠ ‡∏£‡∏±‡∏ö‡∏õ‡∏£‡∏∞‡∏Å‡∏±‡∏ô‡∏®‡∏π‡∏ô‡∏¢‡πå‡πÑ‡∏ó‡∏¢ 1‡∏õ‡∏µ,"‡∏ø1,456.00"
Lazada,Android phone,(‡∏£‡∏±‡∏ö‡∏õ‡∏£‡∏∞‡∏Å‡∏±‡∏ô‡∏®‡∏π‡∏ô‡∏¢‡πå‡πÑ‡∏ó‡∏¢ 1 ‡∏õ‡∏µ) Redmi A5 3G+64G / 4G+128G ‡πÅ‡∏ö‡∏ï‡πÄ‡∏ï‡∏≠‡∏£‡∏µ‡πà‡∏≠‡∏≤‡∏¢‡∏∏‡∏Å‡∏≤‡∏£‡πÉ‡∏ä‡πâ‡∏á‡∏≤‡∏ô‡∏¢‡∏≤‡∏ß‡∏ô‡∏≤‡∏ô‡∏Ç‡∏ô‡∏≤‡∏î‡πÉ‡∏´‡∏ç‡πà 5200mAh ‡∏Å‡∏•‡πâ‡∏≠‡∏á‡∏Ñ‡∏π‡πà AI 32MP,"‡∏ø2,299.00"
Lazada,Android phone,„Äê100%‡∏Ç‡∏≠‡∏á‡πÅ‡∏ó‡πâ„Äë2024 ‡πÉ‡∏´‡∏° Xioami Radmi Note 13 ‡∏™‡∏°‡∏≤‡∏£‡πå‡∏ó‡πÇ‡∏ü‡∏ô 7.5‡∏ô‡∏¥‡πâ‡∏ß 5G ‡πÄ‡∏ï‡πá‡∏°‡∏à‡∏≠ 16GB+1TB ‡∏£‡∏≠‡∏á‡∏£‡∏±‡∏ö2‡∏ã‡∏¥‡∏° Smartphone ‡∏°‡∏∑‡∏≠‡∏ñ‡∏∑‡∏≠‡∏£‡∏≤‡∏Ñ‡∏≤‡∏ñ‡∏π‡∏Å Mobile ‡πÇ‡∏ó‡∏£‡∏®‡∏±‡∏û‡∏ó‡πå‡∏°‡∏∑‡∏≠‡∏ñ‡∏∑‡∏≠ ‡πÇ‡∏ó‡∏£‡∏®‡∏±‡∏û‡∏ó‡πå‡πÄ‡∏•‡πà‡∏ô‡πÄ‡∏Å‡∏°‡∏•‡∏∑‡πà‡∏ô Android13.0 ‡∏°‡∏∑‡∏≠‡∏ñ‡∏∑‡∏≠‡∏£‡∏≤‡∏Ñ‡∏≤‡∏ñ‡∏π‡∏Å ‡πÇ‡∏ó‡∏£‡∏®‡∏±‡∏û‡∏ó‡πå‡πÄ‡∏•‡πà‡∏ô‡πÄ‡∏Å‡∏°‡∏£‡∏≤‡∏Ñ‡∏≤‡∏ñ‡∏π‡∏Å ‡∏™‡πà‡∏á‡∏ü‡∏£‡∏µ 14 Ultra Note 13 Pro+ ‡∏°‡∏∑‡∏≠‡∏ñ‡∏∑‡∏≠ ‡∏£‡∏±‡∏ö‡∏õ‡∏£‡∏∞‡∏Å‡∏±‡∏ô1‡∏õ‡∏µ,"‡∏ø1,588.00"
Lazada,Android phone,‡∏°‡∏∑‡∏≠‡∏ñ‡∏∑‡∏≠Y93 (‡πÅ‡∏£‡∏° 8 GB/‡∏£‡∏≠‡∏°256GB) Android 8.1 ‡∏´‡∏ô‡πâ‡∏≤‡∏à‡∏≠ HD 6.2 ‡∏ô‡∏¥‡πâ‡∏ß ‡∏£‡∏±‡∏ö‡∏õ‡∏£‡∏∞‡∏Å‡∏±‡∏ô‡∏à‡∏≤‡∏Å‡∏ó‡∏≤‡∏á‡∏£‡πâ‡∏≤‡∏ô 1 ‡∏õ‡∏µ,"‡∏ø1,299.00"
Lazada,Android phone,"‡∏Ç‡∏≠‡∏á‡∏Ç‡∏ß‡∏±‡∏ç‡∏ü‡∏£‡∏µ! SERVO 16SE MINI 3G ‡∏õ‡∏≤‡∏•‡πå‡∏°‡∏™‡∏°‡∏≤‡∏£‡πå‡∏ó‡πÇ‡∏ü‡∏ô Android 9.0 OS 16GB ROM Google Play WhatsAPP WiFi Hotspot 3.0 ""‡πÇ‡∏ó‡∏£‡∏®‡∏±‡∏û‡∏ó‡πå‡∏™‡∏°‡∏≤‡∏£‡πå‡∏ó‡∏Ç‡∏ô‡∏≤‡∏î‡πÄ‡∏•‡πá‡∏Å","‡∏ø1,176.95"
Lazada,Android phone,„Äê‡∏£‡∏±‡∏ö‡∏õ‡∏£‡∏∞‡∏Å‡∏±‡∏ô1‡∏õ‡∏µ„Äë2025 ‡πÉ‡∏´‡∏° Sansumg A06 ‡∏™‡∏°‡∏≤‡∏£‡πå‡∏ó‡πÇ‡∏ü‡∏ô 7.5‡∏ô‡∏¥‡πâ‡∏ß 5G ‡πÄ‡∏ï‡πá‡∏°‡∏à‡∏≠ 16GB+1TB ‡∏£‡∏≠‡∏á‡∏£‡∏±‡∏ö2‡∏ã‡∏¥‡∏° Smartphone ‡∏°‡∏∑‡∏≠‡∏ñ‡∏∑‡∏≠‡∏£‡∏≤‡∏Ñ‡∏≤‡∏ñ‡∏π‡∏Å Mobile 6800mAh ‡πÇ‡∏ó‡∏£‡∏®‡∏±‡∏û‡∏ó‡πå‡∏°‡∏∑‡∏≠‡∏ñ‡∏∑‡∏≠ ‡πÇ‡∏ó‡∏£‡∏®‡∏±‡∏û‡∏ó‡πå‡πÄ‡∏•‡πà‡∏ô‡πÄ‡∏Å‡∏°‡∏•‡∏∑‡πà‡∏ô Android12.0 ‡∏°‡∏∑‡∏≠‡∏ñ‡∏∑‡∏≠‡∏£‡∏≤‡∏Ñ‡∏≤‡∏ñ‡∏π‡∏Å ‡∏Å‡∏≤‡∏£‡∏Å‡∏ß‡∏≤‡∏î‡∏•‡πâ‡∏≤‡∏á ‡πÇ‡∏ó‡∏£‡∏®‡∏±‡∏û‡∏ó‡πå‡πÄ‡∏•‡πà‡∏ô‡πÄ‡∏Å‡∏°‡∏£‡∏≤‡∏Ñ‡∏≤‡∏ñ‡∏π‡∏Å ‡∏™‡πà‡∏á‡∏ü‡∏£‡∏µ A05 A16 ‡∏°‡∏∑‡∏≠‡∏ñ‡∏∑‡∏≠,"‡∏ø1,688.00"
Lazada,Android phone,[‡πÉ‡∏´‡∏°‡πà‡∏°‡∏≤‡∏ñ‡∏∂‡∏á] sumsung S21 Legit ‡πÄ‡∏î‡∏¥‡∏°‡πÇ‡∏ó‡∏£‡∏®‡∏±‡∏û‡∏ó‡πå‡∏°‡∏∑‡∏≠‡∏ñ‡∏∑‡∏≠ 5G ‡∏™‡∏°‡∏≤‡∏£‡πå‡∏ó‡πÇ‡∏ü‡∏ô 7.2/5.5 ‡∏ô‡∏¥‡πâ‡∏ß Ram8GB + Rom512GB Android ‡∏•‡∏≤‡∏¢‡∏ô‡∏¥‡πâ‡∏ß‡∏°‡∏∑‡∏≠/‡∏õ‡∏•‡∏î‡∏•‡πá‡∏≠‡∏Ñ‡πÉ‡∏ö‡∏´‡∏ô‡πâ‡∏≤‡∏≠‡∏¢‡πà‡∏≤‡∏á‡πÄ‡∏õ‡πá‡∏ô‡∏ó‡∏≤‡∏á‡∏Å‡∏≤‡∏£‡∏Ç‡∏≤‡∏¢‡∏£‡πâ‡∏≠‡∏ô‡πÇ‡∏ó‡∏£‡∏®‡∏±‡∏û‡∏ó‡πå‡∏°‡∏∑‡∏≠‡∏ñ‡∏∑‡∏≠‡∏à‡∏±‡∏î‡∏™‡πà‡∏á‡∏ü‡∏£‡∏µ/‡∏Ç‡∏≠‡∏á‡∏Ç‡∏ß‡∏±‡∏ç (‡πÄ‡∏Ñ‡∏™‡πÇ‡∏ó‡∏£‡∏®‡∏±‡∏û‡∏ó‡πå + ‡∏´‡∏π‡∏ü‡∏±‡∏á) ‡πÄ‡∏£‡∏µ‡∏¢‡∏ô‡∏≠‡∏≠‡∏ô‡πÑ‡∏•‡∏ô‡πå‡πÇ‡∏ó‡∏£‡∏®‡∏±‡∏û‡∏ó‡πå‡∏£‡∏≤‡∏Ñ‡∏≤‡∏ñ‡∏π‡∏Å‡∏™‡∏ô‡∏±‡∏ö‡∏™‡∏ô‡∏∏‡∏ô‡πÅ‡∏≠‡∏û‡∏ò‡∏ô‡∏≤‡∏Ñ‡∏≤‡∏£‡∏£‡∏≤‡∏Ñ‡∏≤‡∏ñ‡∏π‡∏Å,"‡∏ø1,450.00"
Lazada,Android phone,"[New] ‡∏°‡∏∑‡∏≠‡∏ñ‡∏∑‡∏≠ oppo A58 5G ‡∏°‡∏∑‡∏≠‡∏ñ‡∏∑‡∏≠| ram 8GB + rom 256GB| ‡∏´‡∏ô‡πâ‡∏≤‡∏à‡∏≠ 6.56 ‡∏ô‡∏¥‡πâ‡∏ß, ‡πÅ‡∏ö‡∏ï‡πÄ‡∏ï‡∏≠‡∏£‡∏µ‡πà 5,000mAh | ‡∏Ç‡∏≠‡∏á‡πÅ‡∏ó‡πâ","‡∏ø3,068.01"
Lazada,Android phone,„Äê‡∏£‡∏±‡∏ö‡∏õ‡∏£‡∏∞‡∏Å‡∏±‡∏ô 12 ‡πÄ‡∏î‡∏∑‡∏≠‡∏ô„Äë2024‡πÅ‡∏ó‡πâ‡∏à‡∏£‡∏¥‡∏á ‡πÇ‡∏ó‡∏£‡∏®‡∏±‡∏û‡∏ó‡πå‡∏°‡∏∑‡∏≠‡∏ñ‡∏∑ ‡πÅ‡∏ó‡πá‡∏ö‡πÄ‡∏•‡πá‡∏ï‡∏û‡∏µ‡∏ã‡∏µ OPP0 A96 ‡πÇ‡∏ó‡∏£‡∏®‡∏±‡∏û‡∏ó‡πå‡∏°‡∏∑‡∏≠‡∏ñ‡∏∑‡∏≠ ‡∏£‡∏≠‡∏á‡∏£‡∏±‡∏ö2‡∏ã‡∏¥‡∏° Smartphone/Tablet 4G/5G ‡πÇ‡∏ó‡∏£‡∏®‡∏±‡∏û‡∏ó‡πå‡∏™‡∏°‡∏≤ 16+512GB ‡πÇ‡∏ó‡∏£‡∏®‡∏±‡∏û‡∏ó‡πå‡∏ñ‡∏π‡∏Å‡πÜ ‡∏°‡∏∑‡∏≠‡∏ñ‡∏∑‡∏≠ Android14.0 ‡πÄ‡∏î‡πá‡∏Å‡πÄ‡∏£‡∏µ‡∏¢‡∏ô‡∏£‡∏π‡πâ‡πÅ‡∏ó‡πá‡∏ö‡πÄ‡∏•‡πá‡∏ï COD,"‡∏ø1,259.00"
Lazada,Android phone,‡πÇ‡∏ó‡∏£‡∏®‡∏±‡∏û‡∏ó‡πå‡∏°‡∏∑‡∏≠‡∏ñ‡∏∑‡∏≠‡∏£‡∏≤‡∏Ñ‡∏≤‡∏ñ‡∏π‡∏Å(‡∏•‡πâ‡∏≤‡∏á‡∏™‡∏ï‡πá‡∏≠‡∏Å) ‡∏™‡∏°‡∏≤‡∏£‡πå‡∏ó‡πÇ‡∏ü‡∏ô mgt ‡∏£‡∏∏‡πà‡∏ô power4 ‡∏£‡∏≠‡∏á‡∏£‡∏±‡∏ö 4G ‡∏´‡∏ô‡πà‡∏ß‡∏¢‡∏Ñ‡∏ß‡∏≤‡∏°‡∏à‡∏≥‡∏à‡∏∏ 32GB android 9.0,"‡∏ø1,290.00"
Lazada,Android phone,‡πÇ‡∏ó‡∏£‡∏®‡∏±‡∏û‡∏ó‡πå VIVQ V29 5G ‡πÄ‡∏Ñ‡∏£‡∏∑‡πà‡∏≠‡∏á‡πÉ‡∏´‡∏°‡πà 6.7 ‡∏ô‡∏¥‡πâ‡∏ß HD ‡πÇ‡∏ó‡∏£‡∏®‡∏±‡∏û‡∏ó‡πå‡∏°‡∏∑‡∏≠‡∏ñ‡∏∑‡∏≠ RAM 16G + ROM 512G ‡∏£‡∏≠‡∏á‡∏£‡∏±‡∏ö 2 ‡∏ã‡∏¥‡∏° ‡∏û‡∏¥‡∏Å‡πÄ‡∏ã‡∏•‡∏™‡∏π‡∏á‡∏°‡∏≤‡∏Å ‡∏ä‡∏°‡∏†‡∏≤‡∏û‡∏¢‡∏ô‡∏ï‡πå‡πÄ‡∏Å‡∏° ‡πÄ‡∏ï‡πá‡∏°‡∏´‡∏ô‡πâ‡∏≤‡∏à‡∏≠‡∏£‡∏≠‡∏á‡∏£‡∏±‡∏ö‡∏•‡∏≤‡∏¢‡∏ô‡∏¥‡πâ‡∏ß‡∏°‡∏∑‡∏≠‡∏™‡∏°‡∏≤‡∏£‡πå‡∏ó‡πÇ‡∏ü‡∏ô ‡πÇ‡∏ó‡∏£‡∏®‡∏±‡∏û‡∏ó‡πå‡∏°‡∏∑‡∏≠‡∏ñ‡∏∑‡∏≠‡∏£‡∏≤‡∏Ñ‡∏≤‡∏ñ‡∏π‡∏Å ‡πÇ‡∏ó‡∏£‡∏®‡∏±‡∏û‡∏ó‡πå‡∏ñ‡∏π‡∏Å‡πÜ ‡∏≠‡∏≠‡∏ô‡πÑ‡∏•‡∏ô‡πå‡∏®‡∏∂‡∏Å‡∏©‡∏≤‡∏Å‡∏≤‡∏£‡πÄ‡∏•‡πà‡∏ô‡πÄ‡∏Å‡∏°‡πÇ‡∏ó‡∏£‡∏®‡∏±‡∏û‡∏ó‡πå ‡∏ä‡∏≤‡∏£‡πå‡∏à‡πÑ‡∏ß ‡πÄ‡∏°‡∏ô‡∏π‡∏†‡∏≤‡∏©‡∏≤‡πÑ‡∏ó‡∏¢,‡∏ø909.00
Lazada,Android phone,„Äê‡∏Ç‡∏≠‡∏á‡πÅ‡∏ó‡πâ100%„Äë2024 IInfinlx HOT 30 NFC & HOT 30S 5G 7.5‡∏ô‡∏¥‡πâ‡∏ß ‡πÇ‡∏ó‡∏£‡∏®‡∏±‡∏û‡∏ó‡πå ‡∏°‡∏∑‡∏≠‡∏ñ‡∏∑‡∏≠ Android 16GB+1TB ‡∏ô‡∏±‡∏Å‡πÄ‡∏£‡∏µ‡∏¢‡∏ô‡πÄ‡∏£‡∏µ‡∏¢‡∏ô‡∏£‡∏π‡πâ‡πÇ‡∏ó‡∏£‡∏®‡∏±‡∏û‡∏ó‡πå‡∏°‡∏∑‡∏≠‡∏ñ‡∏∑‡∏≠ ‡πÇ‡∏ó‡∏£‡∏®‡∏±‡∏û‡∏ó‡πå‡∏™‡∏≥‡∏´‡∏£‡∏±‡∏ö‡πÄ‡∏•‡πà‡∏ô‡πÄ‡∏Å‡∏°‡πÅ‡∏ö‡∏ö Dual SIM Dual Standby ‡πÇ‡∏ó‡∏£‡∏®‡∏±‡∏û‡∏ó‡πå‡∏°‡∏∑‡∏≠‡∏ñ‡∏∑‡∏≠‡∏Ç‡∏≠‡∏á‡πÅ‡∏ó‡πâ ‡πÉ‡∏´‡∏°‡πà‡πÄ‡∏≠‡∏µ‡πà‡∏¢‡∏° ‡πÇ‡∏ó‡∏£‡∏®‡∏±‡∏û‡∏ó‡πå‡∏°‡∏∑‡∏≠‡∏ñ‡∏∑‡∏≠‡∏£‡∏≤‡∏Ñ‡∏≤‡∏ñ‡∏π‡∏Å ‡∏ä‡∏≤‡∏£‡πå‡∏à‡πÄ‡∏£‡πá‡∏ß 120W ‡∏™‡πÅ‡∏ô‡∏õ‡∏î‡∏£‡∏≤‡∏Å‡∏≠‡∏ô 8GEN3,"‡∏ø1,488.00"
Lazada,Android phone,Samsung Galaxy A25 5G [8/256] ‡πÄ‡∏Ñ‡∏£‡∏∑‡πà‡∏≠‡∏á‡πÉ‡∏´‡∏°‡πà‡∏®‡∏π‡∏ô‡∏¢‡πå‡πÑ‡∏ó‡∏¢ ‡πÄ‡∏Ñ‡∏•‡∏µ‡∏¢‡∏£‡πå‡∏™‡∏ï‡πä‡∏≠‡∏Å ‡∏•‡∏î‡∏£‡∏≤‡∏Ñ‡∏≤ ‡∏Ç‡∏≠‡∏á‡πÅ‡∏ó‡πâ100%,"‡∏ø6,790.00"
Lazada,Android phone,‡∏î‡∏π‡∏ü‡∏£‡∏µ! SERVO Mini‡∏™‡∏°‡∏≤‡∏£‡πå‡∏ó‡πÇ‡∏ü‡∏ô 3.0 ‡∏à‡∏≠‡πÅ‡∏™‡∏î‡∏á‡∏ú‡∏•Android 9.0 ‡πÇ‡∏ó‡∏£‡∏®‡∏±‡∏û‡∏ó‡πå‡∏°‡∏∑‡∏≠‡∏ñ‡∏∑‡∏≠ 16GB ROM Face‡∏õ‡∏•‡∏î‡∏•‡πá‡∏≠‡∏Ñ 3G‡πÇ‡∏ó‡∏£‡∏®‡∏±‡∏û‡∏ó‡πå‡∏°‡∏∑‡∏≠‡∏ñ‡∏∑‡∏≠ 2 SIM Tiny‡πÇ‡∏ó‡∏£‡∏®‡∏±‡∏û‡∏ó‡πå‡∏™‡∏°‡∏≤‡∏£‡πå‡∏ó,"‡∏ø1,169.46"
Lazada,Android phone,‡πÇ‡∏ó‡∏£‡∏®‡∏±‡∏û‡∏ó‡πå‡∏°‡∏∑‡∏≠‡∏ñ‡∏∑‡∏≠ OPPQ A78 5G 6.7‡∏ô‡∏¥‡πâ‡∏ß 16+512GB ‡∏£‡∏≠‡∏á‡∏£‡∏±‡∏ö2‡∏ã‡∏¥‡∏° Smartphone 24MP+48MP ‡πÇ‡∏ó‡∏£‡∏®‡∏±‡∏û‡∏ó‡πå‡∏ñ‡∏π‡∏Å‡πÜ 6800mAh Android13 ‡∏£‡∏≠‡∏á‡∏£‡∏±‡∏ö‡πÅ‡∏≠‡∏õ‡∏ò‡∏ô‡∏≤‡∏Ñ‡∏≤‡∏£‡∏ö‡∏ô‡∏°‡∏∑‡∏≠‡∏ñ‡∏∑‡∏≠ Mobile phone,‡∏ø899.00
Lazada,Android phone,„Äê‡πÉ‡∏´‡∏°‡πà‡πÄ‡∏≠‡∏µ‡πà‡∏¢‡∏° 100% „Äë‡πÇ‡∏ó‡∏£‡∏®‡∏±‡∏û‡∏ó‡πå‡∏°‡∏∑‡∏≠‡∏ñ‡∏∑‡∏≠ Xlao m1 K60 ‡∏´‡∏ô‡πâ‡∏≤‡∏à‡∏≠7.5‡∏ô‡∏¥‡πâ‡∏ß Smartphone 4G/5G 16GB+512GB 24+58MP ‡πÇ‡∏ó‡∏£‡∏®‡∏±‡∏û‡∏ó‡πå‡∏ö‡∏≤‡∏á‡πÜ ‡∏£‡∏≤‡∏Ñ‡∏≤‡∏ñ‡∏π‡∏Å ‡πÉ‡∏ä‡πâ‡∏á‡∏≤‡∏ô‡πÑ‡∏î‡πâ‡πÄ‡∏£‡πá‡∏ß ‡πÄ‡∏£‡∏µ‡∏¢‡∏ô‡∏£‡∏π‡πâ ‡∏≠‡∏¥‡∏ô‡πÄ‡∏ó‡∏≠‡∏£‡πå‡πÄ‡∏ô‡πá‡∏ï ‡πÄ‡∏•‡πà‡∏ô‡πÄ‡∏Å‡∏° ‡∏ü‡∏±‡∏á‡πÄ‡∏û‡∏•‡∏á ‡πÇ‡∏ó‡∏£‡∏®‡∏±‡∏û‡∏ó‡πå‡∏°‡∏∑‡∏≠‡∏ñ‡∏∑‡∏≠ ‡πÅ‡∏ö‡∏ï‡πÄ‡∏ï‡∏≠‡∏£‡∏µ‡πà 7000mAh ‡∏Å‡∏•‡πâ‡∏≠‡∏á HD ‡∏õ‡∏•‡∏î‡∏•‡πá‡∏≠‡∏Ñ‡∏î‡πâ‡∏ß‡∏¢‡πÉ‡∏ö‡∏´‡∏ô‡πâ‡∏≤ ‡∏£‡∏∞‡∏ö‡∏ö‡∏ô‡∏≥‡∏ó‡∏≤‡∏á GPS ‡πÉ‡∏™‡πà‡πÑ‡∏î‡πâ‡∏™‡∏≠‡∏á‡∏ã‡∏¥‡∏°,"‡∏ø1,629.00"
Lazada,Android phone,Hot 10 (‡∏´‡∏ô‡πâ‡∏≤‡∏à‡∏≠6.78‡∏ô‡∏¥‡πâ‡∏ß ‡πÅ‡∏£‡∏°4‡∏£‡∏≠‡∏° 64 ‡πÅ‡∏≠‡∏ô‡∏î‡∏£‡∏≠‡∏¢‡∏î‡πå10 ‡πÅ‡∏ö‡∏ï‡πÄ‡∏ï‡∏≠‡∏£‡∏µ‡πà5200mAh),"‡∏ø1,049.00"
Lazada,Android phone,„Äê‡∏Ç‡∏≠‡∏á‡πÅ‡∏ó‡πâ100%„Äë‡πÇ‡∏ó‡∏£‡∏®‡∏±‡∏û‡∏ó‡πå‡∏°‡∏∑‡∏≠‡∏ñ‡∏∑‡∏≠ VIV0 Y93 5G 7.5HD+‡∏£‡∏≠‡∏á‡∏£‡∏±‡∏ö2‡∏ã‡∏¥‡∏° 16+512GB 32+64MP 6800mAh 4G/5G ‡πÇ‡∏ó‡∏£‡∏®‡∏±‡∏û‡∏ó‡πå Smartphone ‡πÇ‡∏ó‡∏£‡∏®‡∏±‡∏û‡∏ó‡πå‡∏ñ‡∏π‡∏Å‡πÜ Android12 Mobile phone ‡πÇ‡∏ó‡∏£‡∏®‡∏±‡∏û‡∏ó‡πå‡∏ñ‡∏π‡∏Å‡πÜ ‡∏£‡∏≠‡∏á‡∏£‡∏±‡∏ö‡∏ó‡∏∏‡∏Å‡∏ã‡∏¥‡∏°‡∏Å‡∏≤‡∏£‡πå‡∏î‡πÉ‡∏ô‡πÑ‡∏ó‡∏¢ ‡∏£‡∏±‡∏ö‡∏õ‡∏£‡∏∞‡∏Å‡∏±‡∏ô1‡∏õ‡∏µ ‡πÇ‡∏ó‡∏£‡∏®‡∏±‡∏û‡∏ó‡πå‡∏°‡∏∑‡∏≠‡∏ñ‡∏∑‡∏≠‡∏£‡∏∞‡∏î‡∏±‡∏ö‡πÑ‡∏Æ‡πÄ‡∏≠‡∏ô‡∏î‡πå ‡πÄ‡∏°‡∏ô‡∏π‡∏†‡∏≤‡∏©‡∏≤‡πÑ‡∏ó ‡∏°‡∏∑‡∏≠‡∏ñ‡∏∑‡∏≠ ‡∏£‡∏±‡∏ö‡∏õ‡∏£‡∏∞‡∏Å‡∏±‡∏ô 1 ‡∏õ‡∏µ,"‡∏ø2,088.00"
Lazada,Android phone,Samsung Galaxy A06 5G 6/128GB,"‡∏ø4,499.00"
Lazada,Android phone,‡πÇ‡∏ó‡∏£‡∏®‡∏±‡∏û‡∏ó‡πå‡∏£‡∏∏‡πà‡∏ô ‡∏≠‡∏¥‡∏ô‡∏ü‡∏¥‡∏ô‡∏¥‡∏Å ‡∏™‡∏°‡∏≤‡∏£‡πå‡∏ó6‡πÄ‡∏≠‡∏ä‡∏î‡∏µ (2022) ‡∏´‡∏ô‡πâ‡∏≤‡∏à‡∏≠6.6‡∏ô‡∏¥‡πâ‡∏ß ‡πÅ‡∏£‡∏°2‡∏£‡∏≠‡∏°32 ‡πÅ‡∏≠‡∏ô‡∏î‡∏£‡∏≠‡∏¢‡∏î‡πå11 ‡πÅ‡∏ö‡∏ï‡πÄ‡∏ï‡∏≠‡∏£‡∏µ‡πà5000mAh ‡∏°‡∏∑‡∏≠-‡∏™‡∏≠‡∏á‡∏û‡∏£‡πâ‡∏≠‡∏°‡πÉ‡∏ä‡πâ,‡∏ø905.00
Lazada,Android phone,‡∏°‡∏∑‡∏≠‡∏ñ‡∏∑‡∏≠ ‡∏£‡∏∏‡πà‡∏ôsmart 5Pro ‡∏´‡∏ô‡πâ‡∏≤‡∏à‡∏≠6.5‡∏ô‡∏¥‡πâ‡∏ß ‡πÅ‡∏ö‡∏ï6000mAh ‡πÅ‡∏≠‡∏ô‡∏î‡∏£‡∏≠‡∏¢‡∏î‡πå11 ‡πÅ‡∏£‡∏°2‡∏£‡∏≠‡∏°32,‡∏ø959.00
Lazada,Android phone,Y97 ‡∏™‡∏°‡∏≤‡∏£‡πå‡∏ó‡πÇ‡∏ü‡∏ô ‡πÅ‡∏£‡∏° 8 ‡∏£‡∏≠‡∏° 256 ‡∏´‡∏ô‡πâ‡∏≤‡∏à‡∏≠HD6.3 ‡∏ô‡∏¥‡πâ‡∏ß Android 8.1 ‡πÅ‡∏ö‡∏ï‡πÄ‡∏ï‡∏≠‡∏£‡∏µ‡πà 3315 mAh ‡πÅ‡∏ñ‡∏°‡∏ü‡∏£‡∏µ‡∏≠‡∏∏‡∏õ‡∏Å‡∏£‡∏ì‡πå‡∏Ñ‡∏£‡∏ö‡∏ä‡∏∏‡∏î,"‡∏ø1,499.00"
Lazada,Android phone,A58 5G (8GB+256GB) ‡∏™‡∏°‡∏≤‡∏£‡πå‡∏ó‡πÇ‡∏ü‡∏ô‡∏õ‡∏•‡∏î‡∏•‡πá‡∏≠‡∏Ñ‡∏•‡∏≤‡∏¢‡∏ô‡∏¥‡πâ‡∏ß‡∏°‡∏∑‡∏≠ ‡∏´‡∏ô‡πâ‡∏≤‡∏à‡∏≠‡πÉ‡∏´‡∏ç‡πà 6.72 ‡∏ô‡∏¥‡πâ‡∏ß ‡∏ä‡∏≤‡∏£‡πå‡∏à‡πÄ‡∏£‡πá‡∏ß 33W ‡πÅ‡∏ö‡∏ï‡∏Ø 5000mAh,"‡∏ø3,099.00"
Lazada,Android phone,‡∏™‡∏°‡∏≤‡∏£‡πå‡∏ó‡πÇ‡∏ü‡∏ô Galaxy A34‡∏Ñ‡∏£‡∏∑‡πà‡∏≠‡∏á‡πÉ‡∏´‡∏°‡πà 5G ‡πÇ‡∏ó‡∏£‡∏®‡∏±‡∏û‡∏ó‡πå‡∏°‡∏∑‡∏≠‡∏ñ‡∏∑‡∏≠ 6.7‡∏ô‡∏¥‡πâ‡∏ß HD+‡∏£‡∏≠‡∏á‡∏£‡∏±‡∏ö2‡∏ã‡∏¥‡∏° Smartphone 4G/5G ‡πÇ‡∏ó‡∏£‡∏®‡∏±‡∏û‡∏ó‡πå‡∏™‡∏°‡∏≤‡πÅ‡∏£‡∏°16GB ‡∏£‡∏≠‡∏°512GB Android13.0 ‡∏°‡∏∑‡∏≠‡∏ñ‡∏∑‡∏≠ Mobile phone COD,‡∏ø997.00
Lazada,Android phone,"Samsung Galaxy A06 (RAM 4GB, 128GB)","‡∏ø3,299.00"
Lazada,Android phone,"Re-furbished Phone Original Phone Xiaomi Redmi Note 8 Pro Smartphone, 90% new Android Cell Phones Global ROM Version Mobil Phone Dual SIM celulares","‡∏ø2,800.00"
Lazada,Android phone,„Äê‡∏£‡∏±‡∏ö‡∏õ‡∏£‡∏∞‡∏Å‡∏±‡∏ô 1 ‡∏õ‡∏µ„Äë‡∏Ç‡∏≠‡∏á‡πÅ‡∏ó‡πâ100% Hau wei MATE 60 5G 7.5‡∏ô‡∏¥‡πâ‡∏ß ‡πÇ‡∏ó‡∏£‡∏®‡∏±‡∏û‡∏ó‡πå‡∏°‡∏∑‡∏≠‡∏ñ‡∏∑‡∏≠ ‡πÅ‡∏£‡∏°16GB ‡∏£‡∏≠‡∏°512GB Smartphone Android12.0 ‡∏£‡∏≠‡∏á‡∏£‡∏±‡∏ö2‡∏ã‡∏¥‡∏° ‡πÇ‡∏ó‡∏£‡∏®‡∏±‡∏û‡∏ó‡πå‡∏™‡∏°‡∏≤ 7800mAh ‡πÇ‡∏ó‡∏£‡∏®‡∏±‡∏û‡∏ó‡πå Mobile phone Facebook ‡∏à‡∏±‡∏î‡∏™‡πà‡∏á‡∏ü‡∏£‡∏µ ‡πÄ‡∏°‡∏ô‡∏π‡∏†‡∏≤‡∏©‡∏≤‡πÑ‡∏ó‡∏¢ ‡∏£‡∏±‡∏ö‡∏õ‡∏£‡∏∞‡∏Å‡∏±‡∏ô1‡∏õ‡∏µ ‡πÇ‡∏ó‡∏£‡∏®‡∏±‡∏û‡∏ó‡πå‡∏°‡∏∑‡∏≠‡∏ñ‡∏∑‡∏≠ ‡πÇ‡∏ó‡∏£‡∏®‡∏±‡∏û‡∏ó‡πå‡πÄ‡∏•‡πà‡∏ô‡πÄ‡∏Å‡∏° ‡∏°‡∏∑‡∏≠‡∏ñ‡∏∑‡∏≠ ‡πÇ‡∏ó‡∏£‡∏®‡∏±‡∏û‡∏ó‡πå,"‡∏ø1,488.00"
